order_item_id,order_id,user_id,product_id,created_at,shipped_at,delivered_at,returned_at,sale_price
VI16269,V1003,U102124,P014,2023-06-25,,,,60
VI16074,V1004,U145904,P015,2022-06-03,2022-06-05,2022-06-14,,70
VI16958,V1008,U125993,P013,2021-06-16,,,,170
VI18072,V1008,U141249,P012,2021-06-16,,,,150
VI18560,V1008,U106369,P015,2021-06-16,,,,70
VI11456,V1011,U86357,P014,2023-05-22,,,,60
VI12867,V1011,U102325,P013,2023-05-22,,,,170
VI18800,V1012,U93898,P012,2023-06-29,,,,150
VI12916,V1014,U135004,P013,2023-02-10,2023-02-13,2023-02-19,,170
VI19255,V1025,U102149,P016,2023-05-06,2023-05-08,,,180
VI13318,V1032,U106589,P014,2021-07-28,,,,60
VI19319,V1039,U118441,P013,2021-12-11,,,,170
VI19804,V1042,U83311,P016,2023-06-23,,,,180
VI14505,V1043,U115716,P012,2022-01-21,,,,150
VI11739,V1046,U102668,P013,2023-06-28,,,,170
VI13004,V1049,U146128,P016,2022-11-28,2022-12-01,,,180
VI16707,V1053,U87855,P012,2023-05-07,,,,150
VI10546,V1055,U98089,P016,2023-06-06,,,,162
VI19503,V1055,U114112,P014,2023-06-06,,,,60
VI17885,V1061,U102961,P014,2022-02-10,2022-02-12,,,60
VI16433,V1074,U143449,P014,2022-05-04,,,,60
VI18594,V1085,U126858,P016,2022-08-08,2022-08-10,,,180
VI16210,V1086,U144098,P013,2022-12-18,2022-12-20,2022-12-23,2023-01-22,170
VI14334,V1092,U133550,P016,2023-03-16,2023-03-17,,,180
VI19788,V1094,U123943,P013,2023-02-27,2023-02-28,,,170
VI14976,V1098,U142475,P014,2022-09-15,2022-09-17,,,60
VI12560,V1112,U82895,P016,2023-01-05,2023-01-07,2023-01-09,,180
VI11179,V1117,U119025,P016,2023-06-14,2023-06-17,2023-06-23,,180
VI12236,V1118,U122439,P012,2020-07-17,2020-07-19,2020-07-22,2020-08-17,120
VI10774,V1120,U115913,P015,2023-02-14,,,,70
VI12424,V1126,U125990,P012,2021-08-22,2021-08-23,2021-08-25,,150
VI11427,V1127,U135819,P013,2022-04-02,2022-04-05,2022-04-13,2022-05-13,170
VI17561,V1127,U90775,P014,2022-04-02,2022-04-05,2022-04-13,2022-05-13,60
VI15877,V1133,U130637,P016,2021-08-24,2021-08-27,,,180
VI10456,V1147,U143475,P013,2023-02-18,,,,170
VI19710,V1155,U133581,P016,2020-06-19,,,,162
VI10884,V1159,U91953,P014,2023-01-26,,,,60
VI16704,V1159,U143735,P016,2023-01-26,,,,180
VI17060,V1159,U147931,P015,2023-01-26,,,,70
VI19651,V1176,U137653,P014,2021-01-13,2021-01-14,,,60
VI18790,V1179,U136063,P013,2021-05-27,2021-05-28,2021-05-31,,170
VI13087,V1180,U110581,P012,2023-05-05,2023-05-06,2023-05-11,2023-05-16,150
VI12316,V1184,U96154,P016,2023-03-13,2023-03-15,,,180
VI14205,V1188,U81051,P014,2022-11-25,,,,60
VI13688,V1193,U98792,P013,2020-10-07,2020-10-09,2020-10-13,,170
VI16644,V1195,U145960,P013,2023-03-09,2023-03-12,2023-03-13,2023-04-04,170
VI11046,V1197,U81392,P014,2020-03-09,,,,60
VI12325,V1202,U121963,P013,2022-11-05,,,,170
VI16791,V1212,U89359,P015,2023-05-24,2023-05-25,,,70
VI17203,V1212,U102302,P012,2023-05-24,2023-05-25,,,150
VI15546,V1213,U131376,P016,2023-05-28,2023-05-31,2023-06-07,2023-06-20,180
VI15059,V1219,U124975,P015,2023-05-28,,,,70
VI10830,V1223,U123095,P015,2023-04-06,2023-04-07,2023-04-11,2023-05-09,70
VI17541,V1223,U85198,P015,2023-04-06,2023-04-07,2023-04-11,2023-05-09,70
VI13791,V1228,U129355,P016,2019-12-26,,,,180
VI10335,V1239,U98601,P016,2021-05-31,2021-06-03,2021-06-07,,180
VI18655,V1250,U135267,P014,2023-06-29,2023-06-30,,,60
VI19175,V1253,U112017,P016,2023-05-16,2023-05-17,,,180
VI17777,V1254,U144878,P016,2021-08-19,,,,180
VI12709,V1279,U140954,P015,2021-02-17,,,,70
VI16345,V1280,U131057,P014,2023-06-12,2023-06-15,2023-06-20,2023-06-29,60
VI19224,V1283,U130609,P013,2023-05-02,,,,170
VI19933,V1284,U105069,P014,2020-05-01,2020-05-04,,,60
VI18579,V1286,U122106,P016,2023-05-02,2023-05-04,2023-05-05,2023-05-31,180
VI18105,V1288,U132765,P015,2022-09-13,2022-09-14,2022-09-16,2022-10-05,70
VI13197,V1293,U83235,P015,2023-05-23,2023-05-25,2023-05-28,2023-06-26,70
VI10388,V1299,U143495,P016,2023-05-16,,,,180
VI16495,V1299,U136924,P016,2023-05-16,,,,180
VI11708,V1304,U132197,P013,2022-05-12,,,,170
VI15055,V1304,U88038,P016,2022-05-12,,,,180
VI10441,V1321,U113032,P012,2023-04-20,,,,150
VI19739,V1322,U92877,P012,2021-07-06,2021-07-08,2021-07-18,2021-08-06,150
VI11864,V1325,U84270,P015,2023-05-15,,,,70
VI14870,V1328,U149975,P012,2022-10-25,2022-10-28,2022-11-01,2022-11-30,150
VI14489,V1334,U111382,P013,2023-06-27,2023-06-28,2023-07-08,,170
VI12241,V1335,U93213,P016,2023-04-10,2023-04-13,2023-04-17,,180
VI12328,V1335,U96486,P015,2023-04-10,2023-04-13,2023-04-17,,70
VI11211,V1343,U144998,P012,2020-07-23,,,,150
VI18699,V1344,U118963,P013,2022-04-06,,,,170
VI12180,V1353,U133254,P015,2023-05-26,2023-05-29,2023-06-05,,35
VI13151,V1359,U118300,P015,2021-09-11,2021-09-14,2021-09-19,,70
VI16026,V1362,U132009,P013,2020-03-01,2020-03-04,2020-03-12,2020-03-27,170
VI11138,V1370,U135891,P016,2021-06-24,2021-06-25,2021-06-30,2021-07-18,180
VI15708,V1373,U99900,P013,2022-12-23,2022-12-26,2023-01-02,,170
VI10128,V1394,U86914,P014,2022-10-13,2022-10-15,,,60
VI18731,V1405,U109974,P013,2023-03-02,,,,170
VI16460,V1406,U104982,P016,2023-03-29,,,,180
VI10330,V1427,U148192,P016,2022-09-05,,,,180
VI12376,V1439,U144360,P015,2023-03-11,,,,70
VI12460,V1442,U110194,P013,2023-02-17,,,,170
VI12398,V1451,U127564,P016,2023-04-27,2023-04-30,2023-05-10,2023-06-09,180
VI16090,V1457,U131815,P013,2023-05-03,2023-05-05,2023-05-08,,170
VI19130,V1460,U135469,P012,2023-06-26,2023-06-28,2023-07-04,2023-07-14,150
VI15826,V1463,U112222,P012,2023-02-25,,,,150
VI18957,V1470,U87431,P016,2022-10-29,,,,180
VI13752,V1482,U114134,P012,2020-08-06,2020-08-07,2020-08-16,2020-09-15,150
VI12828,V1484,U118365,P014,2022-05-27,2022-05-30,,,60
VI11538,V1502,U105063,P013,2023-06-18,2023-06-20,2023-06-26,2023-07-21,170
VI14384,V1506,U84503,P015,2022-09-27,2022-09-30,,,70
VI12266,V1527,U107817,P015,2023-05-17,2023-05-19,2023-05-23,2023-06-15,70
VI12439,V1537,U89324,P012,2022-04-15,,,,150
VI16589,V1549,U117909,P016,2023-05-07,,,,180
VI15592,V1551,U87955,P013,2023-05-14,2023-05-17,,,170
VI12955,V1564,U142774,P015,2021-04-26,2021-04-28,,,70
VI10457,V1577,U118448,P014,2023-01-10,2023-01-11,2023-01-12,2023-02-10,60
VI15164,V1607,U125613,P016,2020-08-12,2020-08-13,,,180
VI13132,V1611,U97192,P016,2022-11-28,,,,162
VI16674,V1627,U131306,P016,2022-06-21,,,,162
VI19820,V1639,U129332,P013,2023-03-21,,,,170
VI12886,V1647,U88886,P016,2021-10-08,2021-10-09,2021-10-10,,162
VI16361,V1648,U120640,P016,2023-04-15,2023-04-18,,,180
VI10242,V1650,U100236,P015,2022-09-29,2022-10-01,2022-10-05,2022-10-17,70
VI17435,V1652,U99190,P012,2022-03-07,2022-03-09,2022-03-11,,150
VI16496,V1654,U148335,P015,2020-08-12,2020-08-15,,,70
VI16054,V1670,U84603,P012,2023-04-27,2023-04-29,,,150
VI15231,V1693,U130321,P012,2022-03-19,2022-03-20,,,150
VI19084,V1693,U116044,P014,2022-03-19,2022-03-20,,,60
VI10355,V1699,U112971,P014,2022-08-14,2022-08-17,,,60
VI12068,V1706,U114124,P015,2022-12-16,,,,70
VI16588,V1718,U120391,P013,2021-11-09,2021-11-10,,,170
VI12589,V1722,U149053,P016,2023-04-22,,,,180
VI13394,V1726,U148998,P013,2023-03-25,2023-03-27,2023-04-06,2023-04-30,170
VI13527,V1734,U116470,P012,2022-02-28,2022-03-03,,,150
VI13572,V1746,U82595,P012,2023-02-04,2023-02-07,2023-02-11,,150
VI19115,V1764,U124872,P014,2022-11-19,2022-11-21,2022-11-22,,60
VI13104,V1768,U85757,P013,2023-06-29,2023-06-30,2023-07-07,,170
VI19389,V1775,U141873,P015,2021-02-24,,,,70
VI19777,V1781,U133806,P012,2020-07-27,,,,150
VI11221,V1792,U81412,P013,2022-02-28,,,,170
VI10496,V1799,U83358,P016,2022-09-17,2022-09-18,,,162
VI12308,V1810,U80010,P012,2022-11-11,,,,150
VI19580,V1810,U108199,P016,2022-11-11,,,,180
VI17440,V1812,U144313,P012,2023-05-02,,,,150
VI16186,V1824,U105513,P015,2021-04-05,2021-04-08,2021-04-13,2021-05-03,70
VI17994,V1824,U130678,P015,2021-04-05,2021-04-08,2021-04-13,2021-05-03,56
VI16503,V1828,U134308,P014,2021-07-12,,,,60
VI11623,V1831,U124836,P015,2022-10-16,,,,70
VI14721,V1844,U93438,P015,2021-12-31,,,,70
VI10191,V1854,U131127,P016,2022-04-05,2022-04-07,2022-04-09,2022-04-16,180
VI18434,V1854,U139077,P013,2022-04-05,2022-04-07,2022-04-09,2022-04-16,170
VI19438,V1856,U117848,P015,2022-03-19,2022-03-20,,,70
VI17420,V1857,U112463,P015,2022-06-01,2022-06-04,2022-06-11,,35
VI14192,V1859,U111672,P016,2022-12-11,2022-12-12,,,180
VI12812,V1866,U81264,P012,2021-12-01,,,,150
VI17472,V1876,U126158,P014,2022-04-08,,,,60
VI12037,V1881,U131614,P012,2022-07-12,,,,150
VI12103,V1884,U132786,P016,2022-08-02,,,,162
VI12579,V1884,U141863,P013,2022-08-02,,,,153
VI17088,V1891,U133324,P016,2022-03-28,,,,180
VI14784,V1897,U95786,P016,2023-05-11,,,,162
VI15624,V1897,U121930,P014,2023-05-11,,,,60
VI16234,V1898,U87496,P013,2023-05-10,,,,170
VI17146,V1900,U113883,P012,2023-06-28,2023-06-29,2023-07-09,,150
VI13223,V1901,U121288,P012,2023-03-12,2023-03-15,2023-03-20,2023-03-29,150
VI18285,V1906,U124852,P012,2022-11-27,2022-11-29,2022-12-09,2022-12-20,150
VI12914,V1911,U90817,P015,2021-12-23,2021-12-26,2022-01-03,,70
VI11949,V1915,U121984,P014,2023-06-30,,,,60
VI16153,V1929,U106422,P013,2023-01-27,2023-01-28,,,170
VI11197,V1932,U124052,P016,2023-04-06,2023-04-07,2023-04-16,2023-04-28,180
VI18031,V1944,U81735,P013,2021-04-09,2021-04-11,,,170
VI16082,V1949,U93318,P016,2023-04-27,,,,180
VI13740,V1953,U94020,P013,2021-08-03,,,,170
VI13500,V1954,U129270,P016,2022-06-05,2022-06-06,,,180
VI18920,V1956,U132016,P014,2022-03-27,2022-03-29,,,60
VI10366,V1959,U93741,P015,2023-06-02,,,,70
VI13633,V1959,U147183,P014,2023-06-02,,,,60
VI17462,V1962,U121356,P013,2022-04-13,2022-04-14,2022-04-16,2022-05-08,170
VI15046,V1968,U130406,P016,2022-09-10,,,,180
VI12185,V1975,U136471,P014,2023-05-22,2023-05-25,2023-05-31,2023-06-23,60
VI17346,V1976,U138421,P013,2020-12-19,2020-12-20,2020-12-30,,170
VI10962,V1977,U109246,P016,2022-10-18,2022-10-19,2022-10-24,,180
VI16043,V1980,U135347,P015,2021-03-17,2021-03-20,2021-03-22,,70
VI18517,V1993,U137994,P016,2023-05-13,2023-05-16,2023-05-21,2023-05-24,180
VI19371,V2004,U137723,P013,2021-11-19,2021-11-21,2021-11-29,,170
VI19630,V2004,U125199,P013,2021-11-19,2021-11-21,2021-11-29,,170
VI14549,V2005,U112839,P014,2023-06-28,2023-07-01,2023-07-09,2023-08-08,60
VI15571,V2006,U123912,P014,2023-02-01,2023-02-03,2023-02-07,,60
VI19750,V2008,U142624,P016,2021-04-19,,,,180
VI10841,V2009,U143586,P016,2023-05-20,,,,180
VI19496,V2009,U85267,P013,2023-05-20,,,,170
VI18443,V2011,U95530,P016,2022-03-23,2022-03-26,2022-03-28,,162
VI14352,V2016,U125672,P015,2023-03-18,,,,70
VI16014,V2017,U141561,P014,2022-07-30,2022-08-01,2022-08-06,,60
VI15424,V2018,U141779,P014,2023-03-04,2023-03-06,2023-03-13,,60
VI16477,V2019,U80946,P012,2023-01-07,,,,150
VI13493,V2030,U133032,P012,2023-04-18,,,,150
VI16856,V2030,U112145,P013,2023-04-18,,,,170
VI11630,V2031,U138858,P013,2021-01-08,2021-01-11,,,170
VI11610,V2034,U145953,P013,2021-11-09,2021-11-12,2021-11-18,2021-12-17,170
VI12429,V2034,U92803,P016,2021-11-09,2021-11-12,2021-11-18,2021-12-17,180
VI14708,V2067,U93394,P016,2022-03-13,2022-03-15,,,180
VI14221,V2070,U133587,P015,2023-01-26,2023-01-27,2023-01-30,2023-03-01,70
VI12411,V2077,U113176,P013,2022-01-31,2022-02-02,,,170
VI10302,V2080,U139723,P013,2023-06-28,2023-06-30,2023-07-08,2023-07-26,170
VI18793,V2084,U130321,P012,2021-03-16,2021-03-19,2021-03-29,2021-04-07,150
VI10980,V2095,U98348,P013,2021-05-11,2021-05-14,2021-05-24,,170
VI12019,V2102,U86543,P015,2023-05-28,2023-05-29,,,70
VI15029,V2124,U96545,P014,2019-07-22,,,,60
VI19464,V2131,U145922,P014,2023-04-03,2023-04-05,,,60
VI11796,V2133,U114048,P014,2021-10-02,2021-10-04,,,60
VI15152,V2133,U85056,P014,2021-10-02,2021-10-04,,,60
VI17973,V2133,U117013,P014,2021-10-02,2021-10-04,,,60
VI10186,V2137,U103252,P014,2019-11-26,,,,60
VI15338,V2154,U116119,P014,2023-06-02,2023-06-04,2023-06-06,2023-06-20,60
VI13910,V2156,U111911,P015,2022-10-21,2022-10-23,,,70
VI17564,V2160,U136541,P014,2023-06-29,2023-07-01,2023-07-03,,60
VI13323,V2166,U105592,P016,2022-11-04,,,,180
VI11823,V2170,U102315,P015,2023-04-27,,,,70
VI17514,V2171,U107685,P013,2023-02-17,,,,170
VI16550,V2176,U139453,P012,2022-11-24,2022-11-26,,,150
VI19727,V2177,U100975,P013,2023-04-07,,,,170
VI11069,V2182,U114610,P014,2021-11-06,2021-11-08,2021-11-15,2021-12-01,60
VI13420,V2193,U110647,P015,2022-03-15,2022-03-17,,,70
VI17959,V2200,U105513,P012,2023-03-03,2023-03-06,2023-03-15,2023-03-23,150
VI16053,V2211,U82503,P013,2023-04-27,2023-04-28,2023-05-04,2023-06-01,170
VI10944,V2218,U120120,P015,2021-10-25,2021-10-28,,,70
VI16774,V2226,U146102,P012,2022-03-15,2022-03-16,,,150
VI15954,V2227,U117783,P013,2022-01-30,2022-02-01,,,170
VI12681,V2230,U140755,P016,2021-11-04,,,,180
VI16386,V2230,U82246,P014,2021-11-04,,,,60
VI13109,V2234,U93006,P012,2022-05-20,2022-05-22,2022-05-31,2022-06-05,150
VI19446,V2247,U140753,P012,2022-11-18,2022-11-20,2022-11-26,,150
VI16166,V2255,U95536,P012,2023-05-07,2023-05-08,2023-05-17,2023-05-20,150
VI17489,V2257,U142746,P012,2022-12-28,2022-12-31,2023-01-02,,150
VI11343,V2260,U144919,P014,2023-06-18,,,,60
VI18617,V2260,U91824,P014,2023-06-18,,,,60
VI18615,V2265,U122137,P016,2021-07-19,2021-07-20,2021-07-28,2021-08-23,180
VI13319,V2269,U82435,P013,2022-06-10,2022-06-13,2022-06-16,,170
VI14099,V2281,U94846,P014,2023-05-31,,,,60
VI18227,V2281,U116173,P013,2023-05-31,,,,170
VI13529,V2292,U108577,P014,2021-11-03,2021-11-05,2021-11-12,2021-11-24,60
VI11127,V2293,U107381,P012,2022-05-11,,,,150
VI11357,V2293,U104303,P016,2022-05-11,,,,180
VI13107,V2297,U100067,P016,2021-10-05,,,,180
VI10822,V2311,U99971,P016,2023-06-26,,,,180
VI12789,V2317,U128258,P012,2021-12-16,2021-12-18,2021-12-27,,150
VI15750,V2317,U95144,P013,2021-12-16,2021-12-18,2021-12-27,,170
VI16490,V2320,U112587,P012,2021-04-26,2021-04-27,,,150
VI18416,V2328,U92639,P014,2022-10-17,2022-10-18,2022-10-27,,60
VI11036,V2338,U141810,P013,2022-09-15,2022-09-17,2022-09-24,2022-09-30,170
VI16327,V2342,U98122,P013,2022-03-18,,,,170
VI18525,V2344,U91556,P014,2021-07-20,2021-07-22,2021-07-26,,60
VI10164,V2354,U103318,P013,2022-02-15,,,,170
VI18023,V2356,U86108,P016,2022-01-28,2022-01-31,2022-02-09,,180
VI15044,V2357,U114038,P015,2022-12-21,2022-12-24,,,70
VI18773,V2362,U97459,P016,2023-03-17,,,,180
VI13463,V2370,U107466,P015,2023-06-02,2023-06-05,2023-06-15,2023-07-02,70
VI17179,V2375,U104572,P012,2021-07-21,,,,150
VI14174,V2389,U98865,P016,2022-12-17,,,,180
VI14007,V2391,U99467,P014,2022-11-24,,,,60
VI17127,V2393,U124327,P016,2023-05-20,2023-05-23,2023-05-28,2023-06-27,180
VI12574,V2404,U96190,P016,2020-10-07,2020-10-08,2020-10-09,,180
VI16046,V2405,U98983,P014,2023-05-04,,,,60
VI13953,V2407,U87112,P014,2021-05-01,,,,60
VI12346,V2427,U145670,P015,2020-02-21,,,,70
VI10361,V2431,U80419,P015,2021-11-07,2021-11-09,,,70
VI14425,V2436,U117033,P016,2022-09-03,2022-09-04,,,180
VI10112,V2442,U107658,P012,2022-03-15,,,,150
VI17245,V2442,U98991,P016,2022-03-15,,,,180
VI15336,V2448,U115471,P016,2021-04-18,,,,180
VI10625,V2450,U83243,P014,2022-11-02,2022-11-05,2022-11-06,,60
VI15221,V2450,U91759,P012,2022-11-02,2022-11-05,2022-11-06,,150
VI12627,V2455,U81698,P015,2021-01-06,2021-01-08,,,70
VI19934,V2456,U98850,P014,2022-04-17,2022-04-18,2022-04-26,2022-05-16,60
VI10289,V2463,U144394,P012,2023-05-04,2023-05-06,,,150
VI11794,V2464,U105868,P012,2022-06-24,,,,150
VI15565,V2471,U145670,P015,2020-12-27,,,,70
VI17934,V2476,U90929,P015,2023-05-21,,,,70
VI13257,V2477,U133338,P014,2022-06-15,2022-06-18,2022-06-26,,60
VI10722,V2483,U88551,P014,2023-03-05,,,,60
VI10318,V2486,U130423,P013,2022-06-03,,,,170
VI17997,V2486,U101379,P012,2022-06-03,,,,150
VI19176,V2488,U143382,P012,2023-05-20,2023-05-22,2023-05-31,,150
VI11738,V2492,U109867,P013,2023-06-26,2023-06-27,,,119
VI19299,V2505,U110333,P012,2020-09-10,2020-09-13,,,150
VI10103,V2506,U148482,P012,2023-04-20,2023-04-21,2023-04-28,,150
VI11933,V2511,U136250,P013,2021-04-30,2021-05-02,2021-05-03,2021-05-19,170
VI15268,V2512,U82404,P012,2021-05-12,,,,150
VI14757,V2516,U135940,P016,2022-08-08,,,,180
VI11080,V2539,U99843,P013,2023-06-20,2023-06-23,2023-06-30,2023-07-12,170
VI18930,V2558,U131077,P014,2023-01-14,2023-01-16,,,60
VI16765,V2570,U146407,P015,2023-03-27,,,,70
VI16739,V2571,U89501,P015,2021-07-01,2021-07-03,,,70
VI10735,V2577,U98733,P016,2022-03-11,,,,180
VI19362,V2577,U105017,P014,2022-03-11,,,,60
VI13126,V2578,U97596,P013,2021-05-30,2021-06-02,,,170
VI14294,V2579,U98041,P013,2023-02-22,,,,170
VI15741,V2588,U148465,P016,2020-10-11,2020-10-14,2020-10-19,,180
VI13361,V2590,U86952,P015,2022-07-16,2022-07-18,2022-07-27,,70
VI10609,V2593,U120130,P014,2023-03-03,2023-03-04,,,60
VI17801,V2594,U103286,P014,2021-02-20,2021-02-21,2021-02-26,,60
VI18427,V2599,U113259,P016,2022-07-18,,,,180
VI17579,V2603,U109230,P016,2022-11-11,2022-11-14,,,180
VI13119,V2605,U84861,P015,2023-06-06,2023-06-09,2023-06-19,2023-07-04,70
VI17543,V2611,U107898,P015,2023-03-05,2023-03-06,,,70
VI16050,V2614,U148951,P014,2021-07-25,,,,60
VI19703,V2619,U149598,P016,2021-07-14,,,,162
VI13335,V2620,U125470,P015,2023-04-26,,,,35
VI14342,V2636,U132114,P015,2021-07-28,,,,70
VI18881,V2636,U127267,P013,2021-07-28,,,,170
VI16287,V2641,U86650,P015,2022-05-08,,,,70
VI10677,V2645,U104073,P014,2022-11-20,,,,60
VI16389,V2651,U110143,P014,2023-03-24,,,,60
VI16100,V2652,U102206,P014,2022-12-26,2022-12-28,2023-01-06,,60
VI18727,V2655,U122975,P013,2021-04-19,,,,170
VI16870,V2658,U117425,P016,2022-07-29,2022-08-01,2022-08-06,2022-08-11,180
VI13186,V2660,U141594,P014,2021-02-03,2021-02-05,,,60
VI18467,V2662,U139282,P015,2023-02-08,,,,70
VI19483,V2672,U118336,P016,2022-05-11,2022-05-12,2022-05-20,,180
VI10911,V2689,U126648,P014,2021-09-06,2021-09-09,2021-09-11,,60
VI12177,V2701,U130755,P013,2023-06-28,,,,170
VI10305,V2710,U112636,P012,2022-09-16,,,,150
VI11618,V2710,U111915,P014,2022-09-16,,,,60
VI15488,V2718,U95978,P016,2022-08-30,2022-09-01,,,180
VI12226,V2734,U94237,P016,2020-12-06,2020-12-09,2020-12-15,,180
VI18482,V2743,U119662,P016,2022-09-15,2022-09-18,2022-09-20,,180
VI19006,V2743,U126925,P014,2022-09-15,2022-09-18,2022-09-20,,60
VI12435,V2754,U95078,P016,2022-08-13,,,,180
VI16597,V2755,U125697,P014,2023-03-03,2023-03-06,,,60
VI14770,V2758,U136249,P014,2021-06-20,2021-06-23,,,60
VI17476,V2758,U91063,P013,2021-06-20,2021-06-23,,,170
VI18844,V2758,U136374,P015,2021-06-20,2021-06-23,,,70
VI17678,V2761,U144219,P012,2022-01-19,2022-01-20,2022-01-24,,150
VI13794,V2771,U125807,P014,2022-06-09,,,,60
VI18791,V2772,U129022,P014,2022-12-20,,,,60
VI16352,V2781,U115064,P012,2023-04-21,,,,150
VI13630,V2786,U92545,P016,2023-06-08,,,,180
VI10756,V2787,U84223,P012,2023-06-29,2023-06-30,2023-07-10,,150
VI18552,V2796,U120362,P013,2023-04-26,2023-04-28,,,170
VI14578,V2802,U104957,P012,2021-02-25,2021-02-28,2021-03-05,,150
VI18631,V2802,U126776,P014,2021-02-25,2021-02-28,2021-03-05,,60
VI17151,V2804,U135205,P016,2022-01-01,2022-01-03,2022-01-10,2022-01-20,180
VI19899,V2806,U84006,P016,2023-01-02,,,,180
VI14632,V2809,U121594,P013,2020-11-25,2020-11-26,2020-11-30,2020-12-23,170
VI18576,V2813,U147481,P016,2019-08-15,2019-08-17,,,180
VI11050,V2814,U125687,P016,2023-01-23,2023-01-25,,,180
VI15784,V2815,U145326,P012,2022-03-19,2022-03-22,2022-03-29,2022-04-21,150
VI19370,V2816,U119524,P012,2023-06-14,,,,150
VI18043,V2820,U142869,P013,2022-01-04,2022-01-05,,,170
VI19363,V2823,U108144,P014,2021-06-19,2021-06-21,2021-07-01,2021-07-05,60
VI18546,V2830,U131697,P016,2023-06-08,,,,180
VI10377,V2833,U86090,P015,2022-04-20,,,,70
VI12315,V2843,U100566,P016,2021-07-13,2021-07-14,,,180
VI19413,V2847,U122417,P015,2022-03-19,2022-03-21,2022-03-26,,70
VI17156,V2848,U115487,P013,2022-08-24,2022-08-25,2022-09-03,,170
VI15358,V2856,U112739,P012,2022-08-16,2022-08-18,2022-08-28,2022-09-05,150
VI17995,V2859,U110921,P014,2021-12-19,,,,60
VI10368,V2862,U112208,P016,2023-01-20,,,,180
VI11459,V2866,U93920,P016,2023-04-29,2023-05-01,2023-05-06,,162
VI10137,V2888,U81801,P014,2021-02-13,,,,60
VI16927,V2890,U118573,P015,2020-09-09,2020-09-10,2020-09-14,2020-10-09,56
VI19022,V2891,U99050,P014,2022-10-03,2022-10-06,,,60
VI19753,V2895,U132251,P015,2022-12-07,2022-12-08,2022-12-10,2023-01-02,70
VI16519,V2898,U103843,P014,2020-12-08,2020-12-10,2020-12-19,2021-01-02,60
VI16763,V2906,U137497,P016,2022-02-11,2022-02-13,,,162
VI10360,V2920,U133259,P013,2023-03-08,2023-03-11,,,153
VI12702,V2931,U134580,P016,2020-04-05,2020-04-06,,,180
VI19484,V2933,U121894,P016,2023-04-30,2023-05-02,2023-05-07,,180
VI15142,V2936,U120522,P014,2022-12-03,2022-12-06,,,60
VI16970,V2944,U128876,P015,2020-11-19,2020-11-20,2020-11-28,,70
VI16430,V2948,U98846,P015,2023-01-21,,,,70
VI17427,V2948,U123239,P014,2023-01-21,,,,60
VI18573,V2949,U106100,P013,2021-06-10,2021-06-13,2021-06-15,2021-07-12,170
VI19861,V2950,U85223,P015,2023-05-20,2023-05-23,,,70
VI14168,V2951,U117677,P012,2022-05-22,,,,150
VI16025,V2955,U94246,P015,2020-12-05,2020-12-08,,,70
VI16933,V2956,U146668,P016,2021-12-06,,,,180
VI12291,V2958,U101187,P012,2023-03-20,2023-03-21,,,150
VI17674,V2964,U91147,P015,2023-06-11,2023-06-14,,,70
VI12993,V2974,U145985,P012,2022-08-22,,,,150
VI18702,V2976,U119900,P012,2023-03-31,2023-04-02,2023-04-11,,150
VI13754,V2992,U104236,P016,2022-11-07,,,,180
VI16420,V2995,U98633,P014,2023-03-16,,,,60
VI14498,V3001,U130201,P015,2021-02-28,2021-03-03,,,70
VI12964,V3003,U117365,P013,2022-05-06,,,,170
VI18665,V3003,U120207,P014,2022-05-06,,,,60
VI13188,V3008,U139544,P015,2022-11-10,,,,70
VI13050,V3013,U99876,P014,2019-11-16,2019-11-18,2019-11-24,2019-12-06,60
VI14066,V3015,U147057,P013,2023-05-23,2023-05-24,2023-05-30,,170
VI19525,V3016,U86966,P012,2023-04-27,,,,150
VI17300,V3018,U139800,P012,2023-06-26,2023-06-28,,,150
VI10405,V3019,U148887,P013,2022-04-01,2022-04-03,2022-04-04,2022-04-12,170
VI10643,V3020,U104552,P014,2022-03-29,,,,60
VI11567,V3024,U108370,P012,2021-01-08,,,,120
VI10437,V3036,U110030,P013,2021-12-20,,,,170
VI15033,V3040,U133151,P012,2020-10-12,2020-10-14,2020-10-16,2020-11-01,150
VI14674,V3043,U149446,P015,2020-07-04,,,,70
VI12245,V3055,U137865,P012,2020-10-16,2020-10-18,2020-10-26,,150
VI10840,V3068,U95685,P013,2023-04-09,,,,170
VI12496,V3069,U84253,P015,2021-10-01,,,,70
VI18010,V3071,U90237,P012,2023-05-31,,,,150
VI11899,V3072,U103300,P015,2022-12-23,2022-12-25,2022-12-26,,70
VI11192,V3076,U110572,P014,2023-04-20,,,,60
VI14133,V3082,U144565,P012,2023-05-03,2023-05-05,2023-05-09,2023-05-15,150
VI10983,V3084,U84398,P016,2023-05-13,2023-05-14,2023-05-17,2023-05-31,180
VI13738,V3084,U105068,P015,2023-05-13,2023-05-14,2023-05-17,2023-05-31,70
VI10637,V3089,U90791,P016,2022-06-13,2022-06-16,,,180
VI10802,V3101,U139058,P015,2021-07-20,,,,70
VI18003,V3114,U87941,P012,2022-11-22,2022-11-25,2022-11-29,2022-12-15,150
VI19032,V3118,U128633,P014,2021-07-14,2021-07-16,,,60
VI12275,V3129,U97246,P015,2023-02-08,2023-02-09,2023-02-10,,70
VI15351,V3146,U88636,P015,2022-05-28,2022-05-29,2022-06-05,,70
VI18039,V3156,U100544,P012,2023-03-07,2023-03-10,,,150
VI11223,V3158,U112749,P012,2022-09-02,2022-09-05,2022-09-10,,150
VI12847,V3167,U91390,P016,2022-02-23,2022-02-26,2022-03-05,2022-03-16,180
VI13310,V3178,U119717,P013,2023-06-13,,,,170
VI17921,V3184,U142978,P014,2023-06-22,2023-06-24,2023-07-01,2023-07-23,60
VI17607,V3186,U133069,P013,2022-07-01,2022-07-02,2022-07-12,,170
VI12634,V3191,U111691,P015,2023-01-20,2023-01-23,,,70
VI13995,V3191,U121690,P014,2023-01-20,2023-01-23,,,60
VI17763,V3193,U140336,P012,2023-04-17,2023-04-18,2023-04-19,,150
VI19459,V3197,U84182,P012,2022-11-25,,,,150
VI15661,V3207,U137397,P012,2022-05-07,2022-05-09,,,150
VI14620,V3214,U139585,P013,2022-09-29,,,,170
VI15752,V3216,U136871,P016,2020-07-04,2020-07-06,2020-07-10,2020-07-16,180
VI13523,V3217,U94452,P015,2021-04-22,,,,70
VI18303,V3217,U101612,P016,2021-04-22,,,,180
VI11491,V3231,U126644,P015,2022-06-30,2022-07-02,2022-07-03,,70
VI16559,V3238,U146328,P016,2022-02-11,2022-02-13,2022-02-17,2022-02-20,162
VI11818,V3240,U102131,P015,2023-03-22,2023-03-24,2023-03-31,,70
VI13749,V3254,U109998,P012,2022-08-16,,,,150
VI11227,V3262,U84484,P014,2023-05-22,,,,60
VI10638,V3268,U140370,P016,2023-05-17,,,,180
VI17047,V3272,U99823,P015,2021-01-01,2021-01-03,,,70
VI12605,V3277,U81924,P015,2021-11-17,2021-11-19,,,70
VI15072,V3277,U129178,P015,2021-11-17,2021-11-19,,,70
VI11406,V3278,U84833,P013,2021-09-17,2021-09-20,2021-09-24,2021-10-20,170
VI18950,V3288,U136971,P012,2020-09-17,2020-09-18,2020-09-25,,150
VI14516,V3290,U95834,P015,2021-09-18,2021-09-19,2021-09-28,2021-10-17,70
VI19692,V3296,U99424,P015,2020-12-07,,,,70
VI10003,V3297,U89325,P015,2022-11-28,,,,70
VI14689,V3315,U87129,P014,2022-02-12,2022-02-15,2022-02-20,2022-03-03,60
VI18595,V3328,U112640,P012,2022-03-24,2022-03-25,2022-04-02,2022-04-05,150
VI14387,V3334,U129662,P015,2023-04-05,,,,70
VI11557,V3337,U82325,P012,2022-12-04,2022-12-06,2022-12-14,2022-12-31,150
VI18145,V3338,U148492,P014,2020-05-24,2020-05-26,2020-06-02,,60
VI11707,V3344,U145338,P012,2023-05-12,,,,150
VI13907,V3351,U97119,P015,2021-05-24,,,,70
VI18200,V3354,U143110,P012,2021-02-08,2021-02-11,2021-02-15,2021-02-26,150
VI15574,V3355,U146884,P016,2022-11-02,2022-11-04,,,180
VI18834,V3370,U90231,P016,2022-11-14,,,,180
VI18292,V3375,U133028,P015,2023-01-10,,,,70
VI15678,V3377,U133864,P012,2022-06-08,,,,150
VI11030,V3385,U102419,P013,2023-05-10,,,,170
VI16645,V3387,U120217,P014,2020-05-27,2020-05-29,2020-06-02,,60
VI18237,V3390,U111563,P016,2023-05-31,,,,180
VI12816,V3394,U111366,P012,2021-03-20,,,,150
VI15990,V3395,U93770,P013,2023-05-18,,,,170
VI15531,V3406,U102630,P013,2023-05-19,,,,170
VI15168,V3412,U149804,P012,2022-11-18,2022-11-21,2022-12-01,2022-12-08,150
VI17825,V3414,U137124,P015,2023-03-22,,,,70
VI16988,V3415,U129498,P013,2023-02-15,,,,170
VI13739,V3421,U128369,P016,2023-02-22,,,,180
VI14350,V3442,U105812,P015,2021-12-04,,,,35
VI10982,V3443,U128891,P015,2022-08-08,2022-08-11,2022-08-18,,35
VI13279,V3445,U132503,P014,2023-03-24,,,,60
VI16876,V3445,U105199,P016,2023-03-24,,,,180
VI18799,V3452,U82174,P014,2022-01-11,2022-01-14,2022-01-15,2022-02-01,60
VI12797,V3453,U82797,P016,2021-07-17,2021-07-19,2021-07-29,2021-08-10,180
VI14377,V3464,U108463,P013,2022-12-09,2022-12-10,,,170
VI18610,V3471,U145148,P015,2023-06-24,,,,70
VI19105,V3471,U98848,P012,2023-06-24,,,,150
VI17665,V3477,U112194,P016,2020-11-24,2020-11-26,2020-12-06,2021-01-01,180
VI17463,V3480,U104548,P016,2020-08-29,2020-08-31,2020-09-04,,162
VI15509,V3487,U85134,P016,2022-10-16,2022-10-19,2022-10-23,2022-11-03,180
VI13293,V3490,U126406,P015,2023-06-15,2023-06-18,2023-06-28,2023-07-27,70
VI12906,V3511,U86928,P012,2022-07-10,2022-07-13,2022-07-17,2022-07-20,150
VI16981,V3511,U130648,P015,2022-07-10,2022-07-13,2022-07-17,2022-07-20,70
VI12334,V3516,U126329,P013,2023-06-09,2023-06-11,2023-06-17,2023-07-14,170
VI14189,V3518,U117891,P015,2021-03-23,2021-03-24,,,70
VI11968,V3529,U131047,P012,2022-09-03,,,,150
VI18808,V3530,U105142,P016,2022-08-19,2022-08-20,2022-08-28,2022-09-20,180
VI12249,V3540,U135073,P012,2023-06-29,2023-06-30,2023-07-04,2023-07-15,150
VI13482,V3543,U114475,P014,2023-04-21,,,,60
VI19420,V3544,U122062,P013,2022-12-15,,,,119
VI16334,V3551,U99357,P016,2022-12-09,2022-12-12,,,162
VI11130,V3564,U92998,P015,2021-02-03,,,,70
VI11422,V3566,U93937,P014,2023-01-04,2023-01-06,2023-01-14,,60
VI19497,V3578,U109137,P012,2022-11-29,,,,150
VI16156,V3603,U100442,P013,2021-07-06,2021-07-08,2021-07-13,,119
VI17480,V3609,U138219,P012,2020-09-25,,,,150
VI15689,V3610,U110017,P013,2023-01-08,2023-01-09,2023-01-18,2023-02-04,170
VI17612,V3618,U124006,P014,2023-03-10,,,,60
VI17380,V3619,U145806,P012,2023-01-03,,,,150
VI19944,V3625,U92002,P012,2023-04-07,,,,150
VI12483,V3634,U120661,P014,2021-09-23,2021-09-26,2021-10-02,,60
VI12649,V3636,U88707,P014,2022-02-07,,,,60
VI16532,V3636,U142523,P013,2022-02-07,,,,170
VI13868,V3644,U88652,P015,2023-05-29,,,,70
VI14630,V3649,U103461,P013,2020-08-01,,,,170
VI12093,V3651,U101613,P016,2021-06-26,2021-06-29,2021-06-30,2021-07-26,180
VI18395,V3652,U122626,P013,2022-12-10,2022-12-13,2022-12-20,,170
VI18191,V3654,U99670,P016,2021-10-08,2021-10-10,2021-10-14,,180
VI18670,V3658,U110010,P015,2022-09-27,2022-09-28,2022-10-06,,70
VI18914,V3659,U98571,P016,2021-11-29,2021-11-30,,,180
VI10934,V3661,U140981,P012,2022-02-27,,,,150
VI18548,V3665,U92429,P013,2020-10-14,2020-10-16,2020-10-25,,170
VI10014,V3669,U89387,P012,2023-06-24,2023-06-25,2023-07-02,2023-07-24,150
VI11853,V3671,U80999,P015,2023-05-03,2023-05-05,2023-05-12,2023-05-22,70
VI13386,V3682,U108051,P013,2022-10-23,,,,170
VI16758,V3683,U136337,P013,2022-05-27,2022-05-30,,,170
VI15269,V3684,U116070,P012,2023-05-26,2023-05-29,2023-06-08,,150
VI11852,V3685,U117675,P013,2023-05-13,2023-05-15,2023-05-25,2023-06-05,170
VI15306,V3687,U149717,P015,2023-06-23,2023-06-24,,,70
VI12085,V3689,U125950,P016,2022-08-09,,,,180
VI17590,V3689,U126829,P014,2022-08-09,,,,60
VI11808,V3691,U107139,P012,2021-09-02,2021-09-03,2021-09-12,,150
VI18939,V3701,U112943,P013,2022-08-19,2022-08-20,,,170
VI19748,V3703,U125221,P016,2023-05-13,2023-05-15,,,180
VI15507,V3717,U106518,P016,2022-03-12,2022-03-14,2022-03-21,,180
VI12478,V3737,U119690,P016,2022-04-03,,,,162
VI13451,V3738,U129631,P016,2021-12-01,2021-12-04,2021-12-11,2021-12-29,180
VI17293,V3747,U93981,P012,2023-01-26,2023-01-28,2023-02-01,,150
VI15716,V3753,U133096,P015,2020-06-06,2020-06-09,2020-06-17,,70
VI14113,V3762,U145705,P014,2023-04-16,2023-04-19,,,60
VI10849,V3773,U140683,P012,2022-10-26,,,,150
VI12470,V3779,U112251,P014,2023-04-12,,,,60
VI16546,V3780,U118882,P013,2023-06-27,2023-06-30,,,170
VI17430,V3805,U121236,P016,2022-09-30,,,,180
VI10107,V3806,U102731,P013,2021-10-27,2021-10-30,,,170
VI19640,V3806,U138411,P012,2021-10-27,2021-10-30,,,150
VI14749,V3810,U130698,P014,2020-09-02,2020-09-05,2020-09-09,2020-09-14,60
VI13642,V3819,U123169,P015,2023-06-24,2023-06-27,2023-07-07,2023-07-12,70
VI15615,V3819,U106241,P012,2023-06-24,2023-06-27,2023-07-07,2023-07-12,150
VI13566,V3830,U145353,P015,2022-05-20,2022-05-22,2022-06-01,2022-06-24,70
VI13965,V3831,U131426,P013,2023-06-21,2023-06-23,,,170
VI13838,V3835,U145772,P012,2023-04-14,2023-04-16,,,150
VI15489,V3836,U149423,P015,2021-10-07,,,,70
VI12899,V3842,U111519,P016,2022-10-09,,,,180
VI19558,V3847,U134463,P013,2023-01-26,,,,170
VI13525,V3849,U102047,P012,2020-04-17,2020-04-20,2020-04-28,2020-05-25,150
VI18323,V3849,U96222,P015,2020-04-17,2020-04-20,2020-04-28,2020-05-25,70
VI18743,V3851,U86558,P016,2023-06-13,,,,180
VI13552,V3855,U128557,P016,2022-01-01,,,,180
VI17167,V3859,U87334,P016,2022-05-16,2022-05-18,2022-05-24,,180
VI17044,V3863,U98480,P014,2023-03-02,,,,60
VI11783,V3884,U121987,P013,2021-12-06,2021-12-08,,,170
VI16863,V3890,U148912,P013,2021-10-06,,,,170
VI17487,V3894,U122354,P015,2023-02-27,2023-02-28,2023-03-07,,35
VI15296,V3897,U117732,P012,2019-12-24,2019-12-27,2019-12-30,,150
VI16614,V3900,U134502,P013,2019-10-20,,,,153
VI10592,V3904,U113145,P015,2023-03-04,,,,70
VI18245,V3905,U135095,P015,2022-06-05,2022-06-08,2022-06-18,,70
VI18139,V3909,U141187,P012,2023-04-10,2023-04-13,2023-04-14,2023-05-03,150
VI12785,V3911,U145259,P015,2023-01-02,,,,70
VI12771,V3914,U140436,P016,2022-12-11,2022-12-14,,,180
VI19393,V3919,U126693,P014,2019-08-11,2019-08-12,,,60
VI10105,V3926,U98113,P012,2020-09-22,2020-09-23,2020-09-28,2020-10-01,150
VI12163,V3927,U115002,P016,2023-02-17,2023-02-20,,,180
VI18754,V3929,U94477,P012,2022-08-03,2022-08-04,,,150
VI14179,V3932,U112789,P016,2022-04-24,2022-04-26,2022-05-04,2022-05-30,180
VI18853,V3936,U143674,P016,2023-02-06,2023-02-07,2023-02-14,,180
VI12831,V3942,U101168,P014,2022-01-17,,,,60
VI11467,V3947,U126010,P013,2023-04-28,2023-04-30,2023-05-10,2023-05-29,170
VI10859,V3951,U143308,P013,2023-05-05,,,,170
VI10499,V3958,U91783,P012,2023-02-03,,,,150
VI13471,V3958,U119445,P016,2023-02-03,,,,180
VI18124,V3958,U111315,P014,2023-02-03,,,,60
VI12672,V3963,U149394,P012,2023-06-18,2023-06-20,2023-06-25,2023-06-30,150
VI16061,V3963,U98299,P014,2023-06-18,2023-06-20,2023-06-25,2023-06-30,60
VI19133,V3965,U83172,P016,2023-01-09,2023-01-10,2023-01-18,2023-01-31,180
VI11016,V3967,U96123,P014,2023-04-23,2023-04-24,,,60
VI13081,V3969,U122878,P014,2021-04-21,,,,60
VI16052,V3969,U148422,P013,2021-04-21,,,,170
VI15253,V3970,U114437,P015,2023-03-07,,,,70
VI10296,V3977,U86957,P016,2023-06-19,,,,180
VI19569,V3980,U123061,P016,2022-03-03,2022-03-06,2022-03-15,2022-04-12,180
VI15384,V3994,U115919,P012,2020-10-26,,,,150
VI19429,V3997,U149898,P016,2022-12-07,2022-12-10,2022-12-18,,180
VI13161,V4018,U124508,P015,2022-12-29,,,,70
VI10462,V4023,U122127,P012,2023-06-28,2023-06-29,2023-07-07,2023-07-19,120
VI12419,V4027,U90850,P012,2022-09-09,2022-09-11,2022-09-16,,150
VI11021,V4030,U127924,P012,2021-12-09,2021-12-11,2021-12-13,,150
VI16122,V4033,U97583,P012,2022-12-16,,,,150
VI10984,V4036,U121278,P016,2021-07-16,,,,180
VI18854,V4040,U120753,P015,2023-06-12,,,,70
VI18806,V4043,U128114,P016,2022-01-07,,,,180
VI16300,V4048,U85995,P016,2023-04-10,,,,180
VI10170,V4058,U114309,P013,2022-11-29,2022-11-30,2022-12-05,2022-12-26,170
VI12618,V4060,U115441,P014,2022-04-02,2022-04-03,,,60
VI18503,V4060,U140413,P015,2022-04-02,2022-04-03,,,70
VI19422,V4064,U144897,P014,2023-03-21,2023-03-23,2023-03-28,2023-04-26,60
VI12876,V4069,U114632,P015,2023-03-28,,,,70
VI17112,V4073,U146874,P016,2021-07-02,,,,180
VI18380,V4085,U123168,P014,2023-04-05,2023-04-07,2023-04-12,2023-04-15,60
VI17641,V4097,U103398,P012,2022-02-10,2022-02-12,2022-02-20,,120
VI14454,V4099,U110705,P012,2022-11-22,,,,150
VI12300,V4103,U96899,P015,2022-02-02,,,,70
VI13033,V4111,U108073,P016,2022-03-11,,,,180
VI17868,V4112,U149581,P014,2021-04-24,2021-04-26,,,60
VI15664,V4116,U99399,P016,2021-12-13,2021-12-14,2021-12-17,2022-01-04,180
VI16823,V4116,U149065,P013,2021-12-13,2021-12-14,2021-12-17,2022-01-04,170
VI19751,V4119,U109046,P015,2022-05-28,,,,70
VI11641,V4122,U134500,P013,2023-06-16,2023-06-18,,,170
VI17097,V4122,U134676,P012,2023-06-16,2023-06-18,,,150
VI14054,V4131,U124113,P012,2023-06-27,2023-06-28,2023-07-02,2023-08-01,150
VI18051,V4132,U108361,P013,2023-01-14,,,,170
VI14613,V4144,U90141,P012,2022-04-01,2022-04-03,,,150
VI15416,V4162,U112850,P012,2023-02-07,,,,150
VI18426,V4165,U80231,P014,2021-09-02,2021-09-04,2021-09-07,2021-09-30,60
VI14389,V4168,U87240,P015,2020-01-28,,,,70
VI15843,V4170,U87420,P015,2023-06-24,,,,70
VI11267,V4178,U127747,P013,2022-12-21,,,,170
VI19456,V4178,U89760,P015,2022-12-21,,,,70
VI18701,V4186,U129286,P012,2023-03-27,2023-03-28,2023-03-31,,150
VI14226,V4188,U97300,P015,2023-04-06,2023-04-07,2023-04-10,2023-05-10,70
VI12461,V4192,U136917,P013,2021-11-09,,,,170
VI17880,V4226,U147351,P013,2020-01-02,,,,170
VI17094,V4239,U146410,P016,2022-11-21,2022-11-24,,,180
VI11813,V4245,U81110,P015,2022-03-30,,,,70
VI10391,V4263,U119926,P013,2020-07-30,2020-08-02,2020-08-03,,170
VI15124,V4276,U145493,P015,2022-12-20,,,,70
VI18635,V4279,U127093,P015,2022-01-15,,,,70
VI17726,V4284,U146862,P015,2022-07-03,2022-07-06,,,70
VI10077,V4292,U85873,P016,2023-03-26,2023-03-29,2023-03-31,,180
VI10209,V4292,U122723,P013,2023-03-26,2023-03-29,2023-03-31,,170
VI18313,V4292,U139808,P015,2023-03-26,2023-03-29,2023-03-31,,70
VI19758,V4293,U136213,P012,2023-03-16,2023-03-19,,,150
VI18111,V4295,U108911,P014,2023-05-19,2023-05-21,2023-05-30,,60
VI16413,V4296,U131790,P016,2022-11-22,,,,162
VI10539,V4298,U115405,P014,2023-01-10,2023-01-11,2023-01-19,2023-02-13,60
VI19663,V4305,U105037,P014,2020-11-15,2020-11-18,2020-11-28,,60
VI12502,V4315,U83185,P012,2023-01-10,,,,150
VI15242,V4319,U85105,P015,2022-10-25,,,,70
VI16310,V4321,U99493,P014,2023-03-17,2023-03-18,,,60
VI19244,V4333,U121180,P013,2020-11-11,2020-11-14,2020-11-24,,170
VI13143,V4334,U84897,P012,2019-10-01,,,,150
VI13331,V4334,U132691,P015,2019-10-01,,,,70
VI12653,V4336,U118657,P014,2023-06-26,,,,60
VI19582,V4339,U129717,P015,2023-04-14,,,,70
VI18506,V4346,U84645,P016,2020-11-14,2020-11-16,2020-11-24,2020-11-27,180
VI14748,V4362,U140940,P015,2023-05-21,2023-05-24,2023-05-27,,70
VI17939,V4376,U136044,P015,2022-05-09,2022-05-12,,,70
VI19282,V4383,U112373,P014,2020-01-04,,,,60
VI10521,V4400,U80002,P012,2023-04-27,2023-04-30,,,150
VI11476,V4407,U118421,P013,2021-12-22,2021-12-25,2022-01-03,,170
VI11551,V4407,U96837,P014,2021-12-22,2021-12-25,2022-01-03,,60
VI10479,V4410,U113311,P012,2021-09-13,2021-09-15,,,150
VI18207,V4417,U92619,P013,2022-11-26,2022-11-29,,,170
VI10205,V4421,U119116,P016,2022-06-10,,,,180
VI11848,V4423,U119285,P015,2023-03-18,2023-03-19,2023-03-26,,70
VI13818,V4423,U124891,P016,2023-03-18,2023-03-19,2023-03-26,,180
VI12378,V4425,U99036,P015,2022-10-13,,,,70
VI19711,V4426,U95290,P014,2019-06-06,,,,60
VI10036,V4433,U93182,P014,2023-02-28,,,,60
VI14116,V4445,U120966,P013,2022-08-10,2022-08-11,,,170
VI13851,V4460,U90717,P012,2023-04-06,2023-04-09,2023-04-16,,150
VI16260,V4463,U136085,P014,2022-12-18,2022-12-19,2022-12-25,,60
VI16323,V4464,U121993,P014,2020-09-11,2020-09-14,2020-09-22,2020-09-30,60
VI12562,V4470,U120632,P012,2023-04-20,2023-04-22,,,150
VI17935,V4472,U141422,P014,2020-05-03,2020-05-05,2020-05-14,2020-05-17,60
VI10424,V4474,U128554,P014,2022-12-18,,,,60
VI13057,V4481,U100154,P012,2023-06-26,,,,150
VI10966,V4484,U146011,P016,2022-01-26,2022-01-29,2022-01-30,,180
VI11128,V4485,U146623,P014,2023-06-28,2023-07-01,2023-07-05,,60
VI16732,V4507,U144534,P015,2022-09-23,2022-09-25,2022-09-30,,70
VI14664,V4513,U128795,P015,2022-07-26,,,,70
VI14988,V4517,U144163,P012,2023-05-29,,,,150
VI13967,V4519,U99136,P016,2022-07-27,2022-07-29,,,180
VI14202,V4534,U102362,P014,2022-10-14,,,,60
VI17802,V4534,U118976,P014,2022-10-14,,,,60
VI12803,V4536,U104396,P013,2023-06-30,2023-07-03,2023-07-10,2023-07-23,170
VI12369,V4543,U118374,P016,2022-02-06,2022-02-07,2022-02-15,,180
VI17753,V4547,U131324,P014,2021-07-17,,,,60
VI16145,V4554,U92108,P016,2023-06-10,,,,180
VI10500,V4559,U117917,P015,2023-06-28,2023-06-30,2023-07-01,,70
VI12265,V4559,U143751,P014,2023-06-28,2023-06-30,2023-07-01,,60
VI14140,V4563,U132536,P012,2020-03-16,2020-03-18,2020-03-21,2020-04-05,150
VI16557,V4569,U133727,P016,2023-05-24,2023-05-27,2023-05-28,,162
VI12001,V4581,U149832,P016,2022-09-12,2022-09-13,2022-09-21,,180
VI16969,V4590,U103425,P016,2020-08-23,2020-08-25,2020-09-03,2020-09-24,180
VI10488,V4607,U90498,P014,2019-05-09,,,,60
VI13169,V4619,U141217,P013,2022-12-15,,,,170
VI11507,V4626,U121763,P013,2021-09-18,,,,153
VI10390,V4629,U102816,P014,2022-10-07,,,,60
VI15777,V4638,U96705,P015,2023-05-31,2023-06-02,2023-06-04,,70
VI13685,V4647,U145313,P013,2023-05-26,2023-05-29,2023-06-07,2023-06-16,170
VI16408,V4649,U84853,P015,2023-04-17,,,,70
VI11925,V4653,U120539,P015,2022-02-07,2022-02-09,2022-02-14,,70
VI17268,V4672,U110856,P012,2022-07-15,,,,150
VI15133,V4690,U147928,P014,2023-06-02,2023-06-05,2023-06-10,,60
VI11313,V4699,U147512,P012,2019-08-22,2019-08-23,,,150
VI12686,V4701,U149906,P013,2022-11-28,,,,170
VI11355,V4723,U112115,P015,2023-06-01,2023-06-02,2023-06-06,,70
VI12905,V4725,U122277,P012,2023-03-31,,,,150
VI19076,V4725,U133778,P013,2023-03-31,,,,170
VI11791,V4727,U91870,P015,2022-10-06,2022-10-08,2022-10-09,2022-10-30,70
VI18820,V4727,U129231,P014,2022-10-06,2022-10-08,2022-10-09,2022-10-30,60
VI11701,V4746,U111266,P014,2022-05-31,2022-06-01,2022-06-03,,60
VI14573,V4749,U124041,P012,2023-06-10,2023-06-11,,,150
VI14009,V4752,U108818,P012,2023-06-24,,,,150
VI16441,V4767,U133077,P013,2022-01-10,2022-01-11,2022-01-18,,170
VI10097,V4770,U108566,P014,2023-05-01,,,,60
VI11441,V4779,U80790,P014,2023-05-07,2023-05-08,2023-05-15,,60
VI11934,V4781,U148731,P013,2022-10-03,2022-10-06,2022-10-07,,170
VI13648,V4784,U120304,P016,2023-06-30,,,,180
VI16146,V4787,U81573,P013,2023-01-21,,,,170
VI13793,V4788,U89422,P015,2022-09-01,2022-09-03,2022-09-05,,70
VI12143,V4789,U128213,P014,2023-03-06,,,,60
VI13549,V4796,U139442,P012,2022-11-24,,,,150
VI12139,V4797,U105836,P013,2020-11-14,,,,170
VI17046,V4801,U135029,P012,2023-04-03,,,,150
VI16377,V4814,U105082,P016,2023-05-09,2023-05-12,,,180
VI12725,V4815,U86817,P014,2021-04-11,2021-04-14,2021-04-17,,60
VI18515,V4818,U82432,P014,2021-04-10,,,,60
VI18102,V4822,U128611,P016,2023-06-26,2023-06-27,2023-06-28,,180
VI10939,V4823,U101076,P014,2021-07-02,,,,60
VI10594,V4824,U100726,P014,2023-02-22,,,,60
VI17284,V4824,U149286,P016,2023-02-22,,,,180
VI11916,V4832,U148232,P016,2022-06-10,2022-06-13,2022-06-18,,180
VI14887,V4834,U123206,P014,2022-06-22,2022-06-25,,,60
VI13076,V4841,U97518,P013,2023-01-02,,,,170
VI15512,V4851,U92659,P013,2023-06-27,,,,170
VI10143,V4859,U122580,P015,2021-04-13,2021-04-14,,,70
VI11068,V4859,U113522,P015,2021-04-13,2021-04-14,,,56
VI11140,V4867,U94570,P016,2022-12-27,2022-12-28,2022-12-29,2023-01-09,180
VI11528,V4868,U106401,P013,2023-02-25,2023-02-26,2023-03-02,2023-03-25,170
VI14660,V4873,U105055,P013,2023-01-08,,,,170
VI14059,V4884,U119227,P013,2023-05-03,,,,170
VI18320,V4889,U113929,P012,2023-03-30,2023-04-02,2023-04-07,,150
VI16200,V4910,U120916,P016,2022-01-23,2022-01-24,2022-01-26,2022-02-24,180
VI10958,V4911,U116266,P012,2022-02-17,,,,150
VI14635,V4923,U91414,P014,2022-12-14,2022-12-15,2022-12-18,,60
VI11768,V4926,U148045,P012,2023-01-09,,,,150
VI13239,V4928,U136521,P014,2023-06-28,,,,60
VI13905,V4935,U123382,P014,2019-11-01,,,,60
VI11366,V4943,U122199,P013,2021-09-11,,,,119
VI10023,V4952,U112672,P013,2023-05-16,2023-05-19,2023-05-29,,119
VI12101,V4953,U127873,P014,2023-06-17,2023-06-20,2023-06-30,,60
VI10743,V4957,U130300,P013,2023-02-06,,,,170
VI10907,V4973,U141227,P013,2022-11-16,2022-11-18,,,170
VI18706,V4978,U137862,P016,2023-01-16,,,,180
VI19127,V4979,U120989,P012,2022-12-06,,,,150
VI12595,V4980,U134607,P014,2022-12-12,2022-12-14,2022-12-16,,60
VI13376,V4982,U81458,P013,2021-08-24,,,,170
VI13438,V4984,U96991,P015,2022-10-05,2022-10-06,2022-10-13,,70
VI13142,V4987,U80683,P013,2020-02-29,,,,170
VI15812,V4994,U121138,P013,2021-07-18,2021-07-20,2021-07-21,2021-08-15,170
VI14463,V4998,U132290,P014,2022-03-16,2022-03-19,,,60
VI10749,V5014,U118537,P012,2020-06-28,,,,150
VI13272,V5017,U104687,P013,2023-02-05,2023-02-07,2023-02-10,2023-03-04,170
VI12377,V5018,U104425,P015,2023-06-16,2023-06-17,2023-06-21,2023-06-29,70
VI15947,V5020,U140988,P012,2022-12-19,2022-12-22,2022-12-30,2023-01-02,150
VI15605,V5025,U119374,P012,2021-07-10,2021-07-13,2021-07-18,2021-08-09,150
VI18549,V5028,U130014,P015,2023-03-23,2023-03-25,2023-04-03,,70
VI13341,V5036,U147675,P013,2021-03-18,2021-03-20,,,170
VI15049,V5038,U148734,P014,2022-09-01,2022-09-02,2022-09-11,,60
VI19866,V5054,U143334,P015,2022-06-01,2022-06-02,2022-06-11,,70
VI10903,V5062,U96070,P016,2023-03-20,2023-03-22,,,162
VI17396,V5065,U97446,P013,2021-04-05,,,,170
VI19611,V5069,U99719,P012,2022-03-20,2022-03-22,2022-03-26,,150
VI18149,V5082,U121724,P015,2021-05-13,2021-05-16,2021-05-20,2021-06-05,70
VI12443,V5089,U114587,P016,2023-05-06,2023-05-08,2023-05-13,,162
VI12851,V5092,U127421,P015,2022-04-26,2022-04-28,2022-05-01,,70
VI15179,V5095,U95851,P012,2023-01-21,2023-01-23,2023-02-01,2023-02-16,150
VI12267,V5108,U140273,P014,2022-10-05,,,,60
VI14614,V5108,U92854,P012,2022-10-05,,,,150
VI15097,V5121,U87743,P013,2020-06-28,2020-06-29,2020-07-03,,170
VI12941,V5125,U104802,P013,2022-09-11,,,,170
VI16942,V5127,U96942,P014,2020-12-03,2020-12-06,,,60
VI19428,V5132,U100251,P014,2021-02-11,2021-02-14,,,60
VI14799,V5135,U107278,P016,2020-03-01,,,,180
VI17735,V5138,U92955,P016,2023-03-06,2023-03-09,2023-03-12,2023-03-19,180
VI15106,V5144,U104274,P016,2020-08-22,2020-08-25,,,180
VI19257,V5153,U140837,P014,2023-02-05,2023-02-06,,,60
VI10455,V5161,U110230,P016,2023-03-19,,,,180
VI11219,V5162,U96210,P014,2023-06-13,,,,60
VI14440,V5174,U82219,P013,2022-07-10,2022-07-11,2022-07-15,2022-07-29,170
VI17627,V5174,U90586,P013,2022-07-10,2022-07-11,2022-07-15,2022-07-29,170
VI11995,V5182,U105426,P012,2022-07-07,2022-07-08,2022-07-10,,150
VI12018,V5185,U93115,P013,2022-10-07,,,,170
VI14594,V5185,U110349,P014,2022-10-07,,,,60
VI11891,V5190,U84969,P016,2020-08-14,2020-08-17,2020-08-26,,162
VI11912,V5191,U96172,P012,2023-06-10,2023-06-11,2023-06-12,2023-07-07,150
VI13348,V5194,U139909,P014,2022-06-23,2022-06-26,2022-07-01,2022-07-05,60
VI12286,V5196,U111050,P014,2020-03-20,2020-03-22,2020-03-28,,60
VI16275,V5197,U139643,P013,2019-12-06,2019-12-07,2019-12-14,,170
VI15585,V5203,U99541,P013,2023-03-08,2023-03-09,2023-03-10,,170
VI16173,V5211,U121764,P012,2023-03-07,,,,150
VI10890,V5217,U140305,P014,2021-12-22,,,,60
VI19535,V5222,U102415,P015,2019-10-24,,,,70
VI19684,V5224,U126608,P016,2023-05-22,,,,180
VI15212,V5231,U149379,P016,2023-05-14,,,,180
VI11797,V5260,U104057,P013,2020-12-11,2020-12-13,,,170
VI12739,V5260,U96129,P015,2020-12-11,2020-12-13,,,70
VI18318,V5261,U112173,P014,2021-04-16,2021-04-19,,,60
VI12047,V5263,U90127,P012,2022-11-04,,,,150
VI12513,V5279,U125192,P013,2021-05-22,2021-05-23,,,170
VI16024,V5282,U83783,P012,2023-01-29,2023-01-31,2023-02-01,,120
VI19407,V5294,U129531,P015,2019-07-29,2019-08-01,2019-08-08,2019-08-16,70
VI14047,V5296,U93433,P012,2022-08-23,,,,150
VI12313,V5297,U132432,P015,2022-04-25,,,,70
VI14280,V5297,U125045,P016,2022-04-25,,,,180
VI10988,V5310,U137351,P013,2023-02-05,2023-02-06,2023-02-11,2023-03-02,170
VI11011,V5315,U102156,P015,2022-07-03,2022-07-04,,,70
VI11644,V5319,U114966,P014,2022-06-06,,,,60
VI11228,V5321,U129884,P013,2023-03-24,,,,170
VI13337,V5323,U107042,P013,2023-05-31,2023-06-01,2023-06-10,2023-06-22,170
VI19322,V5323,U91146,P013,2023-05-31,2023-06-01,2023-06-10,2023-06-22,170
VI10848,V5325,U114405,P015,2021-11-29,2021-12-01,2021-12-08,,70
VI19470,V5330,U104254,P015,2019-10-01,,,,70
VI13235,V5338,U126396,P016,2021-04-30,2021-05-01,2021-05-10,,162
VI11114,V5343,U84578,P012,2023-02-02,2023-02-05,2023-02-11,2023-03-03,150
VI16857,V5349,U97170,P014,2023-06-24,2023-06-25,2023-07-01,2023-07-21,60
VI18294,V5352,U89721,P013,2023-05-08,2023-05-09,,,170
VI18306,V5358,U140668,P016,2023-06-04,,,,180
VI16127,V5368,U81336,P016,2021-12-17,2021-12-19,2021-12-26,,180
VI13048,V5378,U97425,P012,2022-12-17,,,,150
VI12626,V5386,U105831,P014,2021-01-06,,,,60
VI15789,V5386,U87673,P016,2021-01-06,,,,180
VI10508,V5387,U94554,P012,2023-06-26,,,,150
VI12713,V5387,U103794,P015,2023-06-26,,,,70
VI14852,V5390,U101383,P012,2023-04-24,2023-04-25,2023-04-30,,150
VI14543,V5394,U114693,P012,2022-03-03,2022-03-05,2022-03-10,2022-03-24,150
VI10045,V5400,U99765,P014,2023-04-12,2023-04-14,2023-04-18,,60
VI19204,V5406,U143540,P012,2021-06-14,2021-06-15,2021-06-19,2021-07-15,150
VI18532,V5412,U117552,P016,2023-05-05,,,,180
VI15906,V5413,U116321,P016,2022-03-13,2022-03-14,2022-03-18,2022-04-17,180
VI12910,V5415,U143121,P014,2021-12-08,2021-12-09,2021-12-14,2022-01-05,60
VI13880,V5415,U102952,P015,2021-12-08,2021-12-09,2021-12-14,2022-01-05,70
VI11153,V5416,U91342,P012,2022-09-06,,,,150
VI19117,V5417,U107852,P014,2020-03-02,2020-03-05,2020-03-14,2020-03-23,60
VI10115,V5423,U127415,P016,2023-06-12,2023-06-15,2023-06-19,2023-07-03,180
VI10626,V5430,U121439,P013,2023-03-27,2023-03-28,2023-04-03,2023-04-28,170
VI18165,V5432,U106733,P016,2022-05-02,,,,180
VI16663,V5437,U146667,P014,2023-05-15,,,,60
VI10315,V5440,U85711,P013,2020-09-15,,,,170
VI14628,V5441,U129800,P015,2022-11-19,2022-11-21,2022-11-26,,70
VI15955,V5446,U113984,P013,2023-03-08,2023-03-11,2023-03-18,2023-04-01,170
VI12172,V5454,U98203,P014,2023-01-19,2023-01-22,,,60
VI16899,V5454,U91406,P014,2023-01-19,2023-01-22,,,60
VI10561,V5456,U94525,P013,2021-05-26,,,,170
VI15476,V5462,U103985,P015,2023-06-29,2023-07-02,,,70
VI17075,V5465,U142873,P016,2022-03-13,2022-03-16,2022-03-17,2022-03-26,180
VI12427,V5470,U141235,P014,2023-03-17,2023-03-19,2023-03-20,2023-04-12,60
VI16416,V5470,U101888,P014,2023-03-17,2023-03-19,2023-03-20,2023-04-12,60
VI17525,V5474,U92590,P012,2020-05-26,2020-05-29,,,150
VI14471,V5483,U87621,P012,2023-03-04,,,,150
VI12026,V5487,U120131,P014,2023-06-22,2023-06-23,2023-06-29,,60
VI16844,V5491,U111338,P013,2023-06-19,2023-06-22,2023-06-29,2023-07-12,170
VI11415,V5492,U100384,P013,2023-06-05,2023-06-08,2023-06-15,2023-07-07,170
VI13731,V5497,U110266,P013,2023-04-04,,,,170
VI16705,V5497,U126291,P015,2023-04-04,,,,70
VI11457,V5498,U147606,P012,2022-07-12,,,,150
VI19737,V5505,U80362,P016,2021-08-19,2021-08-21,,,162
VI12016,V5510,U94671,P013,2023-06-27,2023-06-30,2023-07-09,2023-07-12,119
VI17544,V5511,U104607,P012,2023-01-29,,,,120
VI10850,V5523,U101653,P015,2021-11-21,2021-11-22,2021-12-01,,70
VI11503,V5523,U96374,P012,2021-11-21,2021-11-22,2021-12-01,,150
VI14879,V5528,U130331,P016,2020-03-13,2020-03-14,2020-03-19,2020-04-01,180
VI12815,V5544,U148240,P013,2022-02-17,,,,170
VI12447,V5546,U117507,P013,2022-02-11,,,,170
VI17647,V5547,U107286,P015,2022-02-16,2022-02-18,,,56
VI11082,V5563,U138155,P013,2023-05-27,,,,170
VI10089,V5572,U139622,P015,2021-08-22,2021-08-24,2021-09-01,,70
VI14062,V5577,U109511,P012,2023-05-03,,,,150
VI19173,V5579,U84855,P013,2023-03-06,2023-03-09,,,170
VI14331,V5582,U103803,P013,2022-01-13,2022-01-15,2022-01-25,,170
VI12559,V5584,U98119,P014,2022-01-17,,,,60
VI18390,V5588,U126565,P012,2022-03-11,,,,150
VI10002,V5589,U146466,P013,2021-09-25,2021-09-28,2021-10-02,,170
VI15236,V5589,U148915,P014,2021-09-25,2021-09-28,2021-10-02,,60
VI15682,V5589,U124101,P016,2021-09-25,2021-09-28,2021-10-02,,180
VI10971,V5590,U91844,P016,2022-04-06,2022-04-08,2022-04-10,,180
VI13436,V5601,U111723,P015,2023-05-18,2023-05-20,2023-05-30,2023-06-08,70
VI15570,V5607,U139007,P015,2023-06-22,,,,70
VI13735,V5611,U80436,P014,2022-02-14,,,,60
VI12379,V5646,U109795,P014,2019-11-06,2019-11-08,,,60
VI12123,V5648,U100294,P013,2023-05-30,2023-06-02,2023-06-07,,170
VI10230,V5662,U111008,P013,2022-07-06,2022-07-08,2022-07-13,2022-08-04,170
VI13480,V5664,U142526,P012,2022-01-14,2022-01-17,2022-01-21,2022-02-18,150
VI19980,V5666,U94425,P012,2022-10-09,,,,150
VI16023,V5674,U144056,P012,2023-02-14,,,,150
VI13317,V5675,U85473,P016,2020-12-27,,,,180
VI17124,V5685,U106528,P013,2022-03-20,2022-03-22,2022-03-27,,170
VI16713,V5709,U142521,P014,2021-11-13,,,,60
VI15378,V5713,U91320,P012,2023-02-12,,,,150
VI15787,V5716,U127095,P016,2022-04-09,2022-04-10,2022-04-18,,180
VI17309,V5729,U124471,P016,2023-02-11,2023-02-13,2023-02-23,,162
VI19864,V5736,U106190,P016,2020-12-14,2020-12-16,2020-12-18,2021-01-11,180
VI12225,V5751,U96692,P013,2022-05-06,2022-05-08,2022-05-11,2022-05-23,170
VI12298,V5762,U85618,P012,2019-09-06,2019-09-08,,,150
VI14535,V5766,U103937,P015,2021-02-11,,,,70
VI18952,V5768,U140934,P014,2022-03-15,,,,60
VI12546,V5804,U82365,P013,2020-03-28,2020-03-31,,,170
VI12122,V5812,U121880,P013,2023-06-27,2023-06-29,2023-07-07,2023-07-12,170
VI11759,V5840,U91893,P013,2022-11-08,2022-11-10,,,170
VI15404,V5844,U114441,P013,2020-02-24,2020-02-25,,,153
VI14172,V5848,U125432,P015,2022-10-29,2022-10-31,2022-11-06,2022-11-28,70
VI14355,V5848,U127735,P014,2022-10-29,2022-10-31,2022-11-06,2022-11-28,60
VI10665,V5849,U138427,P013,2022-01-12,,,,170
VI18627,V5855,U96761,P016,2023-03-30,,,,180
VI17348,V5867,U99509,P015,2023-03-06,2023-03-08,,,70
VI15804,V5873,U111152,P012,2019-10-14,,,,150
VI18685,V5873,U149095,P014,2019-10-14,,,,60
VI14907,V5879,U96088,P012,2023-06-21,2023-06-24,2023-06-25,,150
VI16729,V5883,U87650,P012,2021-10-10,2021-10-12,,,150
VI13809,V5899,U80013,P016,2019-12-20,2019-12-23,2020-01-02,2020-01-24,180
VI10339,V5904,U111721,P013,2021-04-08,2021-04-09,2021-04-12,,170
VI10071,V5911,U146568,P016,2021-03-01,,,,180
VI11956,V5918,U125364,P014,2023-02-02,,,,60
VI19667,V5924,U87811,P015,2021-06-05,2021-06-07,,,70
VI18985,V5925,U113032,P015,2022-07-06,,,,70
VI19697,V5931,U100355,P016,2022-07-01,2022-07-03,2022-07-07,,180
VI19708,V5931,U102785,P012,2022-07-01,2022-07-03,2022-07-07,,150
VI13105,V5933,U145601,P013,2023-06-18,2023-06-20,2023-06-23,2023-07-20,170
VI15010,V5935,U136695,P013,2023-05-28,,,,170
VI18044,V5935,U122113,P012,2023-05-28,,,,150
VI12753,V5942,U92306,P016,2021-05-11,2021-05-14,2021-05-19,,162
VI12676,V5947,U113554,P012,2023-06-29,2023-07-02,2023-07-10,2023-07-23,150
VI14313,V5957,U135738,P015,2023-06-28,2023-06-30,,,35
VI11861,V5958,U120776,P014,2023-01-22,2023-01-25,,,60
VI14647,V5961,U139837,P014,2023-06-16,2023-06-19,2023-06-27,,60
VI16612,V5962,U127907,P013,2022-09-13,2022-09-15,2022-09-23,2022-10-10,170
VI10489,V5966,U132403,P015,2023-05-03,2023-05-05,,,70
VI16556,V5969,U98723,P014,2023-03-05,,,,60
VI10187,V5974,U143859,P013,2020-04-27,2020-04-28,,,170
VI17395,V5980,U126741,P015,2022-05-19,2022-05-22,,,70
VI16308,V5984,U146955,P012,2023-03-01,2023-03-02,2023-03-07,2023-03-14,150
VI19333,V5999,U106138,P014,2023-06-30,2023-07-03,,,60
VI19009,V6004,U139408,P015,2023-03-12,2023-03-13,2023-03-15,,70
VI13264,V6013,U105080,P015,2022-09-28,,,,70
VI10169,V6018,U132810,P016,2021-04-26,2021-04-29,,,180
VI14390,V6018,U85832,P015,2021-04-26,2021-04-29,,,70
VI15172,V6024,U107120,P014,2022-12-30,,,,60
VI14349,V6028,U147977,P016,2023-03-18,2023-03-21,2023-03-25,2023-04-16,180
VI16337,V6040,U131064,P014,2023-02-15,,,,60
VI10602,V6041,U147025,P016,2022-08-10,2022-08-11,2022-08-16,,180
VI11547,V6044,U132736,P014,2022-03-24,2022-03-26,,,60
VI13887,V6044,U119129,P015,2022-03-24,2022-03-26,,,70
VI12234,V6045,U101157,P012,2023-06-22,,,,150
VI10564,V6046,U120264,P013,2023-04-18,,,,119
VI14816,V6053,U124659,P015,2022-12-10,,,,56
VI12902,V6056,U96207,P013,2021-11-10,2021-11-11,,,170
VI17953,V6058,U86531,P013,2023-06-18,,,,170
VI17856,V6066,U147938,P012,2022-05-18,2022-05-19,,,150
VI19247,V6070,U97653,P016,2022-09-13,,,,180
VI11176,V6071,U120812,P012,2022-12-26,2022-12-29,2023-01-08,,150
VI16048,V6071,U135203,P015,2022-12-26,2022-12-29,2023-01-08,,70
VI12228,V6077,U118958,P014,2022-09-12,,,,60
VI15279,V6080,U125825,P014,2022-08-09,2022-08-11,2022-08-19,,60
VI16925,V6091,U119665,P015,2023-04-22,2023-04-23,2023-05-01,2023-05-11,70
VI13475,V6092,U101636,P014,2022-10-28,2022-10-30,2022-11-05,,60
VI15515,V6101,U97599,P013,2023-01-05,2023-01-08,2023-01-18,2023-02-13,153
VI17415,V6103,U146921,P012,2023-04-14,,,,150
VI19074,V6119,U112182,P015,2023-06-14,2023-06-16,2023-06-23,2023-06-29,70
VI18080,V6121,U144073,P015,2021-04-15,2021-04-16,2021-04-23,2021-05-13,35
VI18620,V6143,U137869,P013,2023-06-30,2023-07-01,2023-07-04,,170
VI17752,V6144,U130482,P015,2023-06-26,2023-06-28,2023-07-01,2023-07-21,70
VI13422,V6151,U133099,P015,2022-02-16,,,,70
VI16711,V6168,U85684,P016,2022-07-16,,,,180
VI12573,V6170,U90788,P014,2023-05-07,2023-05-08,,,60
VI17488,V6172,U115330,P013,2023-04-27,2023-04-29,2023-05-04,,170
VI17858,V6179,U145352,P015,2023-06-28,2023-07-01,,,70
VI12635,V6193,U106011,P016,2020-07-26,,,,180
VI12381,V6203,U85843,P015,2020-10-25,2020-10-27,2020-11-05,,70
VI12235,V6205,U83066,P012,2020-12-27,,,,150
VI16806,V6206,U119170,P015,2023-06-30,,,,35
VI18975,V6212,U112371,P012,2022-07-05,,,,150
VI12023,V6223,U92709,P015,2022-07-19,2022-07-21,2022-07-27,,70
VI13559,V6226,U111603,P015,2023-01-18,2023-01-19,2023-01-22,,70
VI13094,V6230,U130804,P012,2021-11-23,,,,150
VI15869,V6250,U87129,P015,2023-03-04,2023-03-06,2023-03-13,2023-03-30,56
VI15061,V6252,U131898,P012,2023-05-28,,,,150
VI14686,V6261,U104814,P015,2023-06-08,2023-06-09,,,70
VI11429,V6268,U145351,P012,2023-04-06,,,,150
VI19830,V6271,U140655,P015,2023-04-02,,,,70
VI11446,V6273,U114452,P016,2020-08-06,,,,180
VI15187,V6280,U138846,P013,2019-09-06,2019-09-09,2019-09-19,,170
VI12469,V6295,U136648,P014,2021-03-27,2021-03-30,2021-04-07,2021-04-13,60
VI18968,V6295,U141233,P012,2021-03-27,2021-03-30,2021-04-07,2021-04-13,150
VI16881,V6296,U118662,P012,2019-07-22,2019-07-23,2019-07-29,2019-08-23,150
VI18845,V6296,U86210,P016,2019-07-22,2019-07-23,2019-07-29,2019-08-23,180
VI12703,V6298,U149934,P014,2020-06-02,,,,60
VI17195,V6298,U80597,P012,2020-06-02,,,,150
VI20000,V6312,U82690,P016,2023-06-26,,,,180
VI18686,V6319,U116199,P015,2022-06-06,2022-06-08,2022-06-14,,70
VI17513,V6334,U116353,P013,2023-04-28,,,,170
VI12021,V6336,U133988,P014,2022-09-21,,,,60
VI10834,V6339,U149665,P016,2022-01-08,2022-01-11,2022-01-14,2022-02-10,180
VI15399,V6340,U133086,P016,2023-04-08,2023-04-11,,,162
VI12098,V6345,U138707,P013,2022-08-22,,,,170
VI16212,V6350,U93879,P013,2022-09-02,2022-09-04,2022-09-08,2022-10-05,170
VI18691,V6350,U125867,P012,2022-09-02,2022-09-04,2022-09-08,2022-10-05,150
VI14570,V6353,U96394,P014,2022-12-02,,,,60
VI10591,V6357,U149539,P013,2022-06-02,,,,170
VI14105,V6358,U107590,P014,2020-08-03,,,,60
VI16424,V6360,U120113,P014,2022-11-22,,,,60
VI13392,V6364,U117125,P014,2021-06-03,2021-06-05,2021-06-13,2021-06-19,60
VI12495,V6369,U93084,P013,2021-02-14,,,,170
VI15159,V6379,U140920,P012,2022-12-17,2022-12-20,2022-12-30,,150
VI13682,V6381,U114456,P012,2022-02-22,,,,150
VI12065,V6400,U110610,P015,2023-02-22,2023-02-24,2023-02-28,,70
VI14356,V6400,U122088,P012,2023-02-22,2023-02-24,2023-02-28,,150
VI13090,V6403,U134375,P013,2021-09-12,2021-09-15,2021-09-17,2021-10-01,170
VI18656,V6417,U106943,P016,2022-12-23,2022-12-26,,,180
VI15563,V6425,U145911,P016,2022-06-18,2022-06-21,2022-06-26,,180
VI11896,V6439,U124472,P015,2023-03-18,,,,70
VI13240,V6445,U93843,P014,2023-03-30,2023-03-31,,,60
VI15316,V6454,U96885,P014,2022-08-11,2022-08-12,2022-08-15,2022-09-10,60
VI19281,V6455,U136975,P014,2021-11-08,2021-11-11,,,60
VI13946,V6457,U106449,P016,2023-03-08,,,,180
VI15726,V6462,U120416,P012,2023-05-10,2023-05-12,2023-05-19,,150
VI13291,V6464,U115595,P016,2023-01-10,2023-01-12,2023-01-18,2023-02-03,180
VI18998,V6465,U100367,P013,2023-06-04,2023-06-05,2023-06-13,2023-06-26,170
VI14396,V6477,U139601,P015,2022-12-02,2022-12-04,,,70
VI18521,V6486,U111771,P015,2022-07-02,,,,70
VI17686,V6493,U99117,P015,2023-06-28,2023-06-29,,,70
VI18042,V6502,U131193,P014,2023-03-25,,,,60
VI18697,V6511,U91162,P012,2023-04-13,2023-04-15,2023-04-25,,150
VI19358,V6517,U80819,P013,2023-01-31,2023-02-02,,,170
VI16647,V6520,U144163,P016,2023-04-11,,,,180
VI14125,V6530,U136870,P016,2023-05-16,2023-05-18,2023-05-19,2023-06-06,180
VI19536,V6535,U149682,P015,2022-11-25,2022-11-26,2022-12-05,2022-12-28,70
VI15534,V6540,U86628,P015,2023-05-12,,,,70
VI10963,V6544,U84188,P014,2021-08-20,,,,60
VI16343,V6544,U107460,P012,2021-08-20,,,,150
VI12457,V6548,U143614,P012,2022-08-10,,,,150
VI14128,V6549,U137118,P015,2021-12-07,,,,70
VI18212,V6550,U122223,P016,2023-05-10,,,,180
VI18933,V6553,U89543,P012,2022-07-09,2022-07-12,2022-07-19,2022-08-17,150
VI17550,V6555,U91749,P015,2020-08-15,2020-08-17,2020-08-26,2020-09-04,70
VI13587,V6558,U114225,P015,2021-03-21,2021-03-22,2021-03-29,,70
VI19279,V6569,U139065,P015,2023-01-18,2023-01-19,2023-01-26,,70
VI18110,V6570,U92848,P012,2023-01-26,,,,150
VI12501,V6572,U115716,P013,2022-10-16,2022-10-19,2022-10-28,,170
VI11509,V6575,U130757,P015,2021-08-11,,,,70
VI12306,V6576,U123317,P012,2023-05-29,2023-05-30,2023-05-31,2023-06-10,150
VI15731,V6584,U137815,P014,2021-01-06,2021-01-08,2021-01-10,,60
VI15056,V6585,U107107,P016,2021-11-24,2021-11-26,2021-11-29,2021-12-29,180
VI12282,V6586,U82536,P016,2023-05-18,2023-05-20,2023-05-28,,180
VI18501,V6602,U92028,P015,2021-08-31,2021-09-03,2021-09-12,2021-10-09,70
VI10452,V6605,U138638,P015,2020-05-18,,,,70
VI15313,V6605,U103546,P016,2020-05-18,,,,162
VI17682,V6605,U102009,P015,2020-05-18,,,,70
VI12301,V6608,U82164,P014,2022-08-22,2022-08-25,2022-08-31,,60
VI19700,V6617,U133406,P012,2022-04-10,,,,150
VI17473,V6626,U100386,P015,2022-08-08,2022-08-09,2022-08-16,2022-09-05,70
VI14531,V6627,U113856,P013,2023-03-16,2023-03-19,2023-03-21,2023-04-11,170
VI14712,V6629,U127787,P013,2021-07-08,2021-07-10,,,170
VI14497,V6634,U129870,P016,2023-03-07,2023-03-08,,,180
VI17414,V6639,U142636,P013,2020-12-09,,,,170
VI10593,V6655,U104484,P015,2022-10-24,2022-10-27,2022-10-28,,70
VI18541,V6662,U139130,P015,2020-09-15,2020-09-18,2020-09-25,,70
VI12087,V6663,U142239,P012,2023-04-28,2023-04-30,,,150
VI18307,V6668,U91245,P014,2023-03-27,2023-03-29,2023-03-31,,60
VI14754,V6672,U141567,P015,2022-09-13,,,,70
VI19589,V6686,U101041,P012,2023-03-04,2023-03-05,2023-03-13,,150
VI14962,V6689,U94275,P013,2023-05-18,2023-05-20,2023-05-22,2023-06-09,170
VI16986,V6689,U130940,P013,2023-05-18,2023-05-20,2023-05-22,2023-06-09,170
VI18516,V6689,U116044,P015,2023-05-18,2023-05-20,2023-05-22,2023-06-09,70
VI17467,V6692,U127532,P015,2022-01-31,2022-02-03,2022-02-04,2022-02-12,70
VI11230,V6696,U112165,P013,2022-11-23,2022-11-24,2022-11-30,,119
VI17512,V6696,U84798,P015,2022-11-23,2022-11-24,2022-11-30,,70
VI10707,V6704,U139789,P016,2020-03-06,,,,180
VI13586,V6707,U127354,P015,2022-06-12,2022-06-13,,,70
VI15848,V6708,U133839,P015,2021-07-19,2021-07-22,2021-07-30,2021-08-27,70
VI16140,V6709,U103164,P014,2023-04-12,2023-04-15,,,60
VI17236,V6710,U110174,P016,2023-02-26,2023-03-01,2023-03-02,2023-03-28,162
VI19062,V6710,U145678,P016,2023-02-26,2023-03-01,2023-03-02,2023-03-28,180
VI11894,V6716,U148013,P014,2023-01-27,2023-01-30,,,60
VI15541,V6718,U131747,P013,2021-10-10,,,,170
VI15684,V6718,U88905,P013,2021-10-10,,,,170
VI16461,V6722,U86269,P013,2022-02-03,,,,170
VI12773,V6734,U113863,P013,2021-01-21,,,,170
VI10018,V6747,U142636,P013,2023-05-03,2023-05-06,2023-05-08,2023-05-22,170
VI11401,V6758,U88561,P014,2022-11-02,2022-11-03,,,60
VI16860,V6763,U139236,P015,2020-04-29,2020-05-02,2020-05-06,,70
VI18667,V6769,U112136,P016,2023-02-28,,,,162
VI19178,V6773,U81136,P013,2021-11-27,2021-11-28,,,170
VI12293,V6778,U128281,P014,2023-05-08,,,,60
VI10010,V6782,U104640,P013,2022-06-04,2022-06-05,,,170
VI19042,V6786,U149498,P016,2019-04-28,2019-05-01,2019-05-07,,180
VI11075,V6787,U90607,P014,2022-09-09,2022-09-12,2022-09-13,,60
VI16295,V6790,U85274,P015,2023-06-02,,,,70
VI16440,V6791,U124921,P016,2022-11-13,,,,180
VI13349,V6794,U114684,P012,2022-02-18,2022-02-21,2022-03-03,2022-03-14,150
VI17010,V6799,U129273,P014,2022-07-16,2022-07-17,2022-07-18,2022-07-29,60
VI17122,V6809,U124505,P014,2023-06-21,,,,60
VI19783,V6813,U95075,P015,2022-09-02,2022-09-03,,,35
VI16107,V6818,U146021,P015,2022-02-20,2022-02-21,2022-02-25,,70
VI12933,V6828,U113531,P013,2021-10-25,2021-10-27,2021-10-30,2021-11-09,170
VI18465,V6829,U143268,P016,2021-11-09,2021-11-11,2021-11-19,,162
VI11120,V6839,U141563,P015,2020-09-07,,,,70
VI17101,V6844,U144751,P014,2022-12-19,,,,60
VI12251,V6848,U114249,P013,2023-06-13,2023-06-16,2023-06-19,,170
VI18861,V6863,U125878,P013,2022-09-19,,,,170
VI19199,V6878,U89931,P015,2023-06-28,2023-07-01,2023-07-03,2023-07-18,70
VI14490,V6882,U130826,P014,2022-08-02,,,,60
VI15407,V6883,U86906,P014,2023-06-10,2023-06-13,2023-06-22,2023-07-05,60
VI17264,V6889,U101271,P014,2023-03-23,,,,60
VI12590,V6892,U120168,P015,2022-10-27,,,,70
VI10600,V6893,U135675,P016,2019-06-09,2019-06-12,,,180
VI14401,V6895,U141814,P016,2020-08-15,2020-08-16,,,180
VI13170,V6897,U142496,P016,2022-02-12,2022-02-13,,,180
VI18657,V6897,U133999,P012,2022-02-12,2022-02-13,,,150
VI11860,V6899,U115479,P016,2022-09-20,2022-09-23,,,162
VI18400,V6900,U130657,P012,2023-06-10,,,,150
VI11694,V6901,U121867,P012,2022-04-09,2022-04-11,2022-04-16,,150
VI13384,V6901,U131018,P012,2022-04-09,2022-04-11,2022-04-16,,150
VI16910,V6912,U92108,P013,2023-01-08,2023-01-09,,,170
VI13922,V6920,U144088,P013,2022-12-27,,,,170
VI19935,V6921,U88586,P016,2022-06-20,2022-06-21,,,180
VI11116,V6923,U81963,P015,2023-06-08,,,,70
VI16887,V6935,U120590,P016,2023-05-30,,,,180
VI10716,V6942,U124444,P013,2023-06-18,2023-06-20,2023-06-21,,170
VI16531,V6943,U95717,P012,2022-05-07,2022-05-09,,,150
VI19588,V6947,U140339,P015,2021-09-18,,,,70
VI19378,V6953,U84051,P016,2023-06-22,,,,180
VI19802,V6960,U140543,P015,2022-10-27,,,,35
VI18053,V6964,U123523,P012,2023-02-02,2023-02-05,2023-02-14,2023-03-04,150
VI12305,V6968,U129748,P013,2023-06-04,2023-06-07,,,170
VI13743,V6969,U93000,P012,2022-10-05,2022-10-06,2022-10-09,2022-10-23,150
VI16261,V6973,U134136,P014,2020-03-12,2020-03-14,,,60
VI13597,V7000,U117613,P015,2020-08-03,2020-08-04,2020-08-14,2020-09-08,70
VI19738,V7008,U133389,P013,2022-11-26,,,,170
VI18540,V7009,U130909,P013,2022-05-27,,,,170
VI12403,V7014,U127469,P016,2022-02-14,2022-02-16,,,162
VI14640,V7018,U126214,P012,2022-09-04,2022-09-05,2022-09-08,2022-09-22,150
VI18822,V7019,U121786,P013,2021-12-22,2021-12-23,2021-12-24,2022-01-16,170
VI13700,V7030,U141521,P015,2023-01-20,,,,70
VI12567,V7032,U84021,P014,2023-06-24,2023-06-25,,,60
VI11255,V7035,U130099,P012,2020-07-18,2020-07-19,2020-07-23,2020-07-27,150
VI19082,V7055,U147098,P012,2023-01-12,2023-01-13,2023-01-17,2023-02-12,150
VI19653,V7057,U146515,P014,2022-11-22,2022-11-24,2022-12-04,2022-12-12,60
VI18093,V7059,U132791,P016,2023-01-14,2023-01-15,2023-01-20,2023-02-15,180
VI15773,V7072,U91639,P014,2023-02-06,2023-02-08,,,60
VI15614,V7078,U111234,P013,2023-02-10,2023-02-11,2023-02-14,,170
VI11474,V7079,U105592,P013,2022-05-07,2022-05-10,,,119
VI15613,V7079,U130455,P016,2022-05-07,2022-05-10,,,180
VI19593,V7084,U113755,P014,2021-04-08,2021-04-09,2021-04-13,,60
VI10168,V7088,U112300,P016,2022-01-21,2022-01-24,2022-02-02,,180
VI18269,V7098,U93795,P014,2021-07-26,2021-07-28,2021-07-30,,60
VI13737,V7102,U138233,P013,2022-08-16,,,,170
VI14984,V7102,U128711,P014,2022-08-16,,,,60
VI13157,V7108,U126305,P014,2020-09-30,2020-10-01,2020-10-03,2020-10-22,60
VI19950,V7109,U122970,P014,2021-11-10,2021-11-11,2021-11-20,,60
VI16659,V7112,U103019,P016,2023-06-20,2023-06-21,,,180
VI10151,V7116,U81569,P015,2022-08-30,2022-09-01,2022-09-07,2022-09-22,70
VI10324,V7125,U115102,P012,2022-01-19,2022-01-21,,,150
VI17529,V7126,U118684,P016,2021-11-29,2021-11-30,2021-12-07,2021-12-15,180
VI11767,V7143,U86526,P013,2022-04-04,,,,170
VI13560,V7147,U122835,P016,2022-05-11,2022-05-13,2022-05-18,2022-06-04,180
VI16838,V7150,U84673,P014,2023-05-28,2023-05-29,2023-06-07,2023-06-26,60
VI11025,V7154,U96481,P012,2022-11-06,,,,150
VI13290,V7158,U149816,P013,2022-08-01,,,,170
VI13238,V7160,U96438,P015,2022-02-19,,,,70
VI15257,V7165,U86836,P014,2022-09-08,,,,60
VI10182,V7173,U123911,P015,2019-12-29,,,,70
VI10703,V7181,U103087,P015,2023-04-21,,,,70
VI13593,V7185,U135258,P013,2022-12-02,2022-12-04,,,170
VI18030,V7192,U106722,P015,2022-10-20,2022-10-23,,,70
VI14776,V7205,U117301,P013,2022-08-06,,,,170
VI17434,V7209,U134268,P014,2023-03-28,2023-03-31,2023-04-06,,60
VI14977,V7214,U129970,P012,2022-10-04,2022-10-07,2022-10-13,,150
VI12449,V7216,U112106,P015,2022-02-21,2022-02-24,2022-03-05,2022-03-28,70
VI15888,V7229,U91559,P013,2021-05-18,2021-05-19,2021-05-25,,170
VI14653,V7232,U129867,P012,2020-01-30,2020-02-01,,,150
VI15203,V7234,U147970,P013,2023-05-02,2023-05-04,,,170
VI18279,V7234,U138113,P015,2023-05-02,2023-05-04,,,70
VI16005,V7238,U134707,P013,2021-08-16,,,,170
VI12372,V7242,U136552,P012,2023-05-18,,,,150
VI12553,V7242,U127977,P013,2023-05-18,,,,119
VI19313,V7250,U133147,P012,2022-12-01,,,,150
VI16384,V7252,U87076,P013,2020-11-29,2020-12-01,,,170
VI10670,V7268,U94038,P013,2022-09-12,2022-09-13,2022-09-23,,170
VI15354,V7273,U120231,P012,2020-09-23,2020-09-24,2020-09-30,,150
VI10664,V7278,U91074,P015,2022-03-04,2022-03-07,2022-03-12,2022-03-16,70
VI15437,V7289,U84045,P014,2023-04-24,2023-04-27,,,60
VI13979,V7292,U133498,P012,2022-10-06,,,,150
VI14161,V7293,U95686,P014,2023-01-04,2023-01-05,2023-01-12,2023-01-25,60
VI13918,V7300,U96677,P014,2023-06-29,,,,60
VI19005,V7307,U114349,P014,2023-03-14,2023-03-16,2023-03-23,,60
VI12168,V7322,U125398,P013,2022-11-30,,,,170
VI16936,V7323,U116163,P015,2023-06-02,2023-06-05,2023-06-06,,70
VI12855,V7329,U135338,P012,2019-08-10,,,,150
VI13681,V7334,U128560,P013,2021-07-26,,,,170
VI16322,V7334,U142947,P014,2021-07-26,,,,60
VI17949,V7338,U111981,P015,2022-04-28,2022-04-29,,,70
VI14403,V7352,U92856,P013,2023-03-01,2023-03-04,2023-03-13,2023-03-20,170
VI13608,V7356,U149197,P012,2023-06-04,2023-06-06,2023-06-07,,150
VI10364,V7359,U106153,P016,2022-04-16,2022-04-18,2022-04-21,2022-05-01,180
VI17649,V7383,U110794,P012,2023-03-12,,,,150
VI19572,V7390,U119393,P014,2022-02-09,,,,60
VI18709,V7398,U143549,P014,2022-11-02,,,,60
VI10252,V7407,U106456,P014,2022-06-02,2022-06-05,2022-06-07,2022-07-07,60
VI18544,V7408,U129711,P016,2023-03-31,2023-04-02,2023-04-10,,180
VI15547,V7416,U105907,P016,2023-01-07,,,,180
VI18599,V7428,U89528,P015,2022-01-26,2022-01-28,,,70
VI11497,V7435,U143838,P015,2022-09-01,,,,70
VI12687,V7437,U140261,P015,2019-02-11,,,,70
VI16172,V7449,U116080,P014,2022-11-26,2022-11-28,,,60
VI15261,V7450,U100690,P012,2023-04-18,,,,150
VI14982,V7458,U121477,P015,2021-05-03,2021-05-05,2021-05-09,2021-05-30,70
VI16995,V7463,U127795,P013,2023-05-08,2023-05-11,2023-05-21,2023-05-30,170
VI18908,V7465,U127941,P016,2020-06-27,2020-06-29,2020-07-04,2020-07-14,180
VI14641,V7477,U123371,P012,2023-06-26,,,,120
VI15882,V7482,U146958,P014,2023-02-12,,,,60
VI18115,V7483,U128973,P014,2022-07-30,2022-08-01,2022-08-09,2022-08-30,60
VI10008,V7490,U85207,P016,2022-03-27,2022-03-30,2022-03-31,2022-04-14,180
VI10176,V7490,U90424,P012,2022-03-27,2022-03-30,2022-03-31,2022-04-14,150
VI19312,V7496,U147844,P016,2020-09-21,2020-09-24,2020-10-01,,180
VI11245,V7506,U128213,P012,2023-04-04,,,,150
VI13018,V7511,U102927,P015,2022-06-24,2022-06-26,2022-06-28,2022-07-04,70
VI11071,V7515,U121310,P014,2021-05-14,2021-05-17,,,60
VI11443,V7521,U132051,P013,2023-01-22,2023-01-25,,,170
VI16276,V7534,U143006,P013,2023-06-24,2023-06-25,2023-06-26,2023-07-26,170
VI13573,V7535,U142804,P014,2022-12-08,,,,60
VI12894,V7543,U113275,P016,2022-11-16,2022-11-18,2022-11-28,,180
VI12110,V7545,U117099,P013,2022-06-25,,,,170
VI17552,V7546,U122640,P016,2023-01-15,2023-01-16,,,180
VI16242,V7549,U110681,P014,2023-05-21,2023-05-22,2023-05-31,2023-06-03,60
VI14912,V7555,U144988,P013,2023-04-11,,,,170
VI13413,V7560,U130319,P014,2022-07-06,2022-07-09,,,60
VI16555,V7576,U89304,P016,2022-11-29,2022-11-30,,,180
VI13904,V7588,U90552,P016,2022-11-16,2022-11-18,,,180
VI18151,V7588,U93170,P012,2022-11-16,2022-11-18,,,120
VI15715,V7591,U147275,P016,2023-02-27,,,,162
VI13655,V7595,U107015,P016,2023-01-06,2023-01-07,2023-01-09,,180
VI10375,V7607,U90839,P012,2022-12-01,2022-12-03,2022-12-04,2022-12-28,150
VI10467,V7609,U118495,P013,2022-11-11,2022-11-13,,,170
VI13677,V7611,U113097,P013,2022-06-29,2022-06-30,,,170
VI18673,V7619,U108267,P016,2021-12-11,2021-12-13,2021-12-22,,180
VI11058,V7621,U109776,P014,2022-11-01,,,,60
VI15039,V7633,U109116,P012,2021-07-26,2021-07-28,2021-08-01,2021-08-26,150
VI14200,V7638,U119903,P015,2023-04-08,,,,70
VI18378,V7641,U107116,P015,2022-11-21,,,,70
VI19555,V7646,U87360,P016,2023-05-26,,,,180
VI10051,V7649,U131738,P013,2022-12-10,2022-12-12,,,170
VI16233,V7650,U146667,P012,2022-01-27,2022-01-30,2022-02-01,,150
VI16886,V7665,U136626,P013,2023-06-13,2023-06-15,2023-06-18,,119
VI13464,V7682,U127412,P014,2021-09-07,2021-09-08,2021-09-17,2021-09-24,60
VI10145,V7683,U131163,P012,2022-05-15,2022-05-17,,,150
VI17751,V7693,U105238,P016,2020-07-04,,,,180
VI17257,V7695,U87209,P013,2020-10-11,,,,170
VI18129,V7697,U96583,P016,2023-04-27,,,,162
VI18445,V7704,U121317,P014,2020-01-02,2020-01-04,2020-01-12,,60
VI19637,V7704,U112586,P013,2020-01-02,2020-01-04,2020-01-12,,170
VI15656,V7706,U140787,P013,2023-04-24,,,,170
VI18479,V7706,U97857,P013,2023-04-24,,,,170
VI14115,V7707,U118151,P016,2022-09-21,2022-09-23,2022-09-25,,180
VI10537,V7709,U94696,P012,2023-06-30,2023-07-01,2023-07-11,2023-07-22,150
VI15811,V7710,U93211,P015,2022-09-09,2022-09-11,,,70
VI16793,V7717,U87855,P014,2021-03-31,,,,60
VI19600,V7735,U119571,P014,2021-07-06,2021-07-08,2021-07-17,2021-07-24,60
VI15667,V7737,U103385,P016,2022-02-08,2022-02-11,,,180
VI16883,V7740,U87057,P014,2021-10-07,2021-10-09,2021-10-17,,60
VI11188,V7749,U146423,P014,2023-05-09,2023-05-11,,,60
VI17329,V7751,U137692,P013,2022-10-08,2022-10-11,,,170
VI13298,V7762,U107707,P016,2022-12-14,2022-12-17,,,162
VI12811,V7776,U105865,P012,2023-05-05,2023-05-06,2023-05-13,2023-05-22,150
VI16516,V7782,U149686,P016,2023-06-25,2023-06-27,2023-07-03,2023-07-15,180
VI17175,V7786,U102961,P013,2023-06-02,2023-06-03,2023-06-10,,170
VI14769,V7790,U132783,P014,2023-02-24,2023-02-26,,,60
VI17701,V7807,U148883,P013,2021-01-01,2021-01-02,2021-01-10,,170
VI14018,V7810,U126986,P014,2022-06-12,2022-06-14,2022-06-22,,60
VI11383,V7812,U137526,P016,2022-08-08,2022-08-10,,,180
VI17306,V7815,U107686,P013,2022-11-25,,,,170
VI13344,V7817,U101010,P016,2021-10-27,,,,162
VI19121,V7818,U127427,P013,2020-07-02,2020-07-03,2020-07-10,2020-07-18,153
VI15452,V7824,U80173,P013,2021-06-04,,,,170
VI11966,V7830,U107237,P016,2022-03-17,,,,162
VI17817,V7836,U94097,P014,2023-04-17,,,,60
VI11631,V7838,U86133,P016,2023-06-27,,,,180
VI19752,V7844,U145857,P014,2022-08-02,2022-08-05,2022-08-08,2022-08-24,60
VI10975,V7848,U111117,P013,2023-06-17,2023-06-19,2023-06-28,,170
VI15485,V7854,U112217,P015,2023-02-09,,,,70
VI10030,V7858,U82245,P015,2022-07-05,2022-07-07,,,70
VI10401,V7863,U84000,P012,2020-06-21,,,,150
VI17012,V7866,U146900,P016,2023-02-25,2023-02-26,2023-02-27,,180
VI11582,V7867,U140119,P013,2023-05-12,2023-05-13,2023-05-15,,170
VI16309,V7867,U114212,P015,2023-05-12,2023-05-13,2023-05-15,,70
VI11185,V7870,U118879,P012,2023-07-02,2023-07-05,2023-07-10,2023-07-14,150
VI19917,V7872,U83633,P012,2019-10-20,2019-10-22,,,150
VI11643,V7876,U128755,P016,2022-04-16,,,,162
VI15525,V7876,U135598,P013,2022-04-16,,,,170
VI17226,V7878,U145256,P016,2023-01-11,2023-01-14,2023-01-22,,162
VI17569,V7885,U102109,P012,2021-05-08,,,,150
VI16738,V7886,U148732,P015,2022-08-23,,,,70
VI18630,V7886,U128631,P015,2022-08-23,,,,70
VI16115,V7889,U86439,P014,2022-11-17,2022-11-20,2022-11-24,2022-12-14,60
VI10687,V7890,U89116,P015,2023-02-11,,,,70
VI14235,V7890,U80050,P013,2023-02-11,,,,170
VI16381,V7892,U136679,P013,2022-03-15,,,,170
VI13969,V7908,U85659,P013,2021-04-17,,,,170
VI19029,V7908,U84979,P015,2021-04-17,,,,70
VI11711,V7915,U114785,P014,2022-10-30,2022-10-31,2022-11-03,,60
VI15322,V7921,U92826,P013,2020-09-30,2020-10-03,2020-10-10,,170
VI12278,V7923,U127598,P013,2022-06-28,,,,170
VI13580,V7924,U96340,P014,2022-01-25,2022-01-28,2022-02-04,2022-02-15,60
VI16374,V7925,U123747,P012,2022-06-02,2022-06-04,2022-06-14,,150
VI15885,V7942,U148459,P013,2021-04-26,2021-04-29,2021-05-02,2021-05-06,170
VI10865,V7946,U111529,P012,2023-02-19,2023-02-22,,,150
VI12231,V7949,U84678,P013,2023-05-17,2023-05-18,2023-05-23,2023-05-31,170
VI12338,V7951,U85405,P013,2021-11-21,,,,153
VI12625,V7952,U109430,P015,2023-03-07,,,,70
VI14771,V7962,U90872,P014,2023-03-29,2023-03-30,2023-04-06,,60
VI19206,V7971,U142889,P012,2023-01-28,2023-01-30,2023-02-03,2023-02-06,150
VI12523,V7972,U111233,P015,2022-10-22,,,,70
VI16527,V7975,U143882,P016,2022-07-29,2022-08-01,2022-08-02,,180
VI18009,V7977,U115663,P013,2022-04-22,,,,170
VI11244,V7979,U114433,P012,2021-09-30,,,,150
VI10604,V7981,U89591,P012,2021-12-13,2021-12-15,,,150
VI19674,V7987,U133350,P015,2020-07-08,2020-07-11,2020-07-16,,70
VI12281,V7989,U85920,P014,2023-06-27,,,,60
VI13544,V7998,U91144,P012,2022-12-22,,,,150
VI15756,V8011,U100895,P013,2023-04-04,2023-04-07,2023-04-10,2023-04-25,170
VI15145,V8012,U128363,P012,2022-10-27,2022-10-28,2022-11-07,,150
VI16332,V8013,U98556,P012,2020-12-23,2020-12-25,,,120
VI15596,V8016,U117592,P013,2021-04-30,2021-05-03,2021-05-11,,170
VI12802,V8027,U102863,P013,2022-01-21,2022-01-24,2022-02-01,,170
VI13228,V8028,U148159,P012,2021-04-01,,,,150
VI12693,V8031,U109996,P014,2021-06-05,2021-06-06,,,60
VI12965,V8036,U90301,P015,2023-02-10,2023-02-13,2023-02-16,2023-03-10,70
VI19945,V8039,U132271,P013,2023-05-16,,,,170
VI19160,V8046,U110021,P016,2022-09-21,2022-09-23,2022-09-30,2022-10-18,180
VI18694,V8063,U127288,P015,2023-05-14,2023-05-15,2023-05-24,2023-06-02,70
VI15946,V8070,U122064,P016,2022-11-10,2022-11-12,,,180
VI19517,V8071,U130086,P015,2022-12-18,,,,70
VI16081,V8072,U80383,P012,2020-09-30,,,,150
VI18830,V8074,U131706,P016,2022-03-24,,,,180
VI12028,V8076,U86105,P016,2023-01-14,2023-01-16,2023-01-19,2023-02-04,180
VI12368,V8078,U141531,P015,2022-12-21,,,,70
VI16506,V8079,U95541,P013,2022-08-18,,,,170
VI15607,V8086,U121518,P016,2021-11-13,2021-11-16,2021-11-21,,180
VI17586,V8097,U99132,P012,2023-01-03,2023-01-04,2023-01-08,2023-01-21,150
VI11019,V8103,U140352,P016,2022-12-26,,,,180
VI16451,V8121,U96673,P014,2023-06-22,2023-06-25,,,60
VI16737,V8128,U114811,P013,2023-05-03,,,,170
VI10801,V8130,U89846,P014,2022-12-15,,,,60
VI14954,V8130,U135084,P013,2022-12-15,,,,170
VI14254,V8140,U122281,P015,2022-06-06,,,,70
VI17602,V8142,U134416,P016,2020-11-06,2020-11-09,2020-11-19,,180
VI16915,V8154,U122545,P013,2023-07-01,,,,170
VI14691,V8159,U93170,P014,2020-07-27,2020-07-30,,,60
VI12285,V8166,U95996,P016,2021-09-04,2021-09-05,2021-09-08,2021-09-14,180
VI13488,V8169,U110040,P014,2022-08-08,,,,60
VI10153,V8171,U114456,P016,2023-01-07,2023-01-08,2023-01-11,,180
VI14577,V8176,U91385,P014,2020-03-23,2020-03-25,2020-04-01,,60
VI12566,V8182,U140230,P012,2023-04-07,,,,150
VI11802,V8185,U106232,P014,2023-05-27,2023-05-28,2023-06-05,2023-07-04,60
VI18385,V8191,U96706,P012,2022-11-19,2022-11-22,2022-11-26,,150
VI13249,V8194,U110602,P016,2023-06-26,,,,162
VI17968,V8195,U114923,P013,2023-06-29,2023-07-02,2023-07-11,2023-07-19,170
VI10734,V8196,U110761,P013,2022-03-05,2022-03-06,2022-03-07,,170
VI12678,V8210,U108456,P015,2021-11-25,2021-11-28,,,70
VI13136,V8211,U102598,P014,2021-12-06,2021-12-08,2021-12-10,,60
VI12764,V8214,U98604,P014,2022-01-22,,,,60
VI13675,V8225,U85159,P014,2022-05-02,2022-05-04,,,60
VI16047,V8239,U83906,P016,2021-02-22,2021-02-23,,,180
VI13400,V8249,U133910,P016,2023-05-02,,,,180
VI16743,V8249,U116513,P012,2023-05-02,,,,150
VI11639,V8256,U84126,P015,2023-03-15,,,,70
VI14343,V8257,U114521,P016,2023-02-26,2023-02-27,,,180
VI10442,V8263,U147661,P016,2022-10-03,2022-10-05,2022-10-10,2022-10-21,180
VI18407,V8274,U131856,P012,2023-04-05,,,,150
VI18746,V8275,U126291,P016,2022-03-15,,,,180
VI10547,V8283,U124530,P016,2022-12-18,2022-12-20,2022-12-23,,180
VI18393,V8292,U94642,P012,2023-06-18,2023-06-19,,,150
VI13714,V8294,U134119,P016,2023-03-27,2023-03-30,2023-04-09,,180
VI17527,V8299,U117713,P015,2020-12-19,2020-12-21,2020-12-27,,70
VI18912,V8300,U81982,P012,2023-05-04,2023-05-06,2023-05-09,2023-06-05,150
VI12474,V8302,U88170,P013,2022-01-20,,,,170
VI12246,V8307,U94302,P015,2023-02-06,,,,70
VI18676,V8307,U147475,P013,2023-02-06,,,,170
VI14423,V8308,U111322,P012,2023-02-25,,,,150
VI13019,V8310,U124908,P014,2021-07-15,,,,60
VI17323,V8334,U145742,P013,2020-02-23,,,,170
VI15096,V8343,U111369,P013,2021-09-18,2021-09-20,2021-09-28,2021-10-12,170
VI11927,V8345,U112554,P013,2023-04-11,2023-04-14,2023-04-20,2023-05-03,170
VI16236,V8347,U117410,P013,2023-06-08,2023-06-10,2023-06-11,2023-07-07,170
VI17411,V8357,U92671,P015,2021-04-20,,,,56
VI11160,V8364,U124756,P014,2023-05-10,2023-05-11,2023-05-16,2023-06-01,60
VI19263,V8377,U100106,P015,2023-06-20,,,,70
VI18006,V8381,U120635,P013,2019-08-11,2019-08-12,,,170
VI15318,V8382,U104519,P012,2023-01-04,2023-01-05,2023-01-08,2023-01-30,150
VI14619,V8386,U144913,P014,2023-04-19,2023-04-21,,,60
VI11152,V8403,U121461,P012,2022-11-18,2022-11-21,,,150
VI16626,V8408,U87479,P015,2022-09-22,,,,70
VI11969,V8413,U99779,P012,2022-12-18,2022-12-21,,,150
VI14057,V8415,U129039,P013,2022-10-02,2022-10-04,,,170
VI12516,V8442,U90013,P016,2020-03-17,2020-03-19,2020-03-20,2020-04-19,162
VI14872,V8443,U86935,P016,2023-06-26,2023-06-28,,,180
VI16392,V8443,U131418,P012,2023-06-26,2023-06-28,,,150
VI13663,V8446,U123156,P012,2023-06-29,2023-07-02,2023-07-05,2023-07-26,150
VI15068,V8449,U135318,P012,2023-02-01,,,,150
VI10009,V8456,U149697,P012,2022-10-20,2022-10-23,2022-10-24,2022-10-29,150
VI15865,V8457,U147675,P014,2023-03-04,2023-03-07,2023-03-13,,60
VI11944,V8459,U139610,P016,2022-04-10,2022-04-12,,,180
VI18629,V8463,U114362,P012,2022-12-15,,,,150
VI15144,V8470,U143247,P014,2021-08-07,2021-08-08,,,60
VI17549,V8472,U125100,P015,2022-06-17,,,,70
VI12124,V8474,U106599,P012,2020-11-01,,,,150
VI16610,V8474,U118172,P014,2020-11-01,,,,60
VI17417,V8478,U92133,P015,2023-05-03,,,,70
VI15735,V8480,U97857,P013,2022-04-29,2022-04-30,2022-05-06,2022-05-29,170
VI11892,V8492,U116786,P016,2022-04-23,2022-04-25,2022-04-30,,162
VI16666,V8492,U80026,P016,2022-04-23,2022-04-25,2022-04-30,,180
VI13056,V8493,U89260,P015,2022-08-24,2022-08-27,,,70
VI16784,V8495,U125172,P013,2023-03-09,,,,170
VI16491,V8497,U149058,P014,2023-05-09,,,,60
VI15921,V8501,U109609,P014,2022-03-12,2022-03-14,2022-03-16,2022-04-15,60
VI16811,V8522,U107408,P014,2020-03-16,,,,60
VI18980,V8530,U131875,P012,2023-02-26,,,,150
VI17318,V8535,U135859,P015,2021-12-09,2021-12-10,2021-12-16,,70
VI15821,V8537,U102450,P015,2021-10-06,,,,70
VI17829,V8540,U118055,P016,2023-06-10,2023-06-13,2023-06-17,2023-06-30,180
VI19526,V8560,U106498,P013,2022-05-08,2022-05-11,2022-05-20,,170
VI10404,V8561,U147042,P013,2020-05-27,2020-05-30,2020-05-31,,153
VI12264,V8569,U97491,P014,2022-12-13,,,,60
VI15944,V8571,U120087,P015,2021-05-11,2021-05-14,,,56
VI19297,V8574,U125764,P014,2022-09-06,,,,60
VI14600,V8575,U115738,P014,2020-05-25,2020-05-27,2020-06-06,2020-06-09,60
VI12433,V8580,U85530,P013,2021-08-27,,,,170
VI18936,V8581,U107009,P012,2023-01-22,,,,150
VI14255,V8593,U127227,P014,2022-12-15,,,,60
VI16575,V8611,U96748,P014,2022-03-19,2022-03-20,2022-03-24,,60
VI10552,V8612,U106365,P015,2023-06-29,,,,70
VI15889,V8622,U91132,P012,2022-06-22,2022-06-24,,,150
VI13185,V8629,U146449,P015,2023-06-28,2023-07-01,2023-07-10,,70
VI19092,V8631,U139837,P015,2023-05-14,2023-05-17,2023-05-21,,56
VI19813,V8634,U145150,P014,2023-06-11,2023-06-14,2023-06-20,2023-06-25,60
VI12588,V8637,U118619,P012,2023-03-11,2023-03-12,2023-03-19,,150
VI17580,V8638,U111795,P014,2022-01-02,,,,60
VI19542,V8640,U90607,P014,2022-03-21,2022-03-24,2022-03-27,,60
VI16060,V8664,U120937,P012,2022-06-17,2022-06-20,2022-06-29,2022-07-09,150
VI17354,V8673,U148952,P012,2023-03-15,,,,150
VI12299,V8675,U136305,P016,2020-06-18,2020-06-20,2020-06-26,,180
VI14071,V8676,U147458,P013,2023-07-01,2023-07-03,,,170
VI13686,V8688,U107282,P015,2022-06-22,2022-06-24,,,70
VI17563,V8688,U121717,P012,2022-06-22,2022-06-24,,,150
VI11376,V8692,U92860,P012,2020-07-05,,,,120
VI13183,V8692,U100650,P016,2020-07-05,,,,180
VI11239,V8698,U129753,P015,2021-05-16,,,,70
VI10216,V8700,U86602,P012,2020-12-04,2020-12-06,2020-12-07,,120
VI15898,V8709,U112771,P012,2022-08-02,2022-08-05,2022-08-07,,150
VI11812,V8710,U133268,P012,2023-03-24,,,,150
VI15831,V8710,U90726,P015,2023-03-24,,,,70
VI17401,V8717,U111482,P012,2023-05-21,2023-05-22,,,150
VI13513,V8720,U85441,P014,2021-08-17,2021-08-19,,,60
VI15538,V8728,U100310,P012,2021-09-29,2021-10-01,2021-10-07,2021-11-02,150
VI13481,V8729,U139489,P016,2022-12-04,,,,180
VI18511,V8740,U130033,P012,2019-11-07,,,,150
VI18502,V8741,U142975,P014,2021-01-31,2021-02-01,,,60
VI14903,V8742,U81054,P013,2022-08-01,2022-08-02,2022-08-04,2022-08-26,170
VI10836,V8745,U139028,P014,2022-06-02,2022-06-04,2022-06-13,,60
VI16198,V8752,U114735,P016,2022-11-06,2022-11-08,2022-11-15,,180
VI17330,V8756,U144537,P013,2022-06-11,2022-06-12,2022-06-20,2022-06-26,170
VI10995,V8758,U133923,P013,2022-06-01,2022-06-02,2022-06-10,,170
VI15390,V8759,U114386,P016,2022-12-23,,,,162
VI16750,V8760,U141434,P012,2020-08-15,2020-08-18,2020-08-24,,150
VI18425,V8766,U82198,P012,2023-04-16,,,,150
VI12864,V8770,U126344,P014,2023-01-24,2023-01-26,2023-01-30,,60
VI17294,V8771,U127053,P016,2023-04-22,2023-04-24,2023-04-28,,180
VI19270,V8772,U92741,P013,2023-05-08,2023-05-09,,,170
VI11910,V8773,U89927,P016,2023-06-08,,,,180
VI18829,V8774,U124783,P015,2019-06-06,2019-06-08,2019-06-14,,70
VI11781,V8789,U100083,P013,2022-09-27,,,,170
VI11307,V8792,U119393,P014,2021-01-10,,,,60
VI11640,V8797,U104450,P013,2021-10-20,2021-10-22,,,170
VI15493,V8800,U120225,P013,2022-12-07,2022-12-09,,,170
VI12708,V8810,U140684,P014,2022-06-05,2022-06-08,2022-06-16,,60
VI19997,V8814,U99954,P012,2021-01-08,,,,150
VI11948,V8816,U120863,P014,2022-07-27,2022-07-29,2022-08-01,2022-08-11,60
VI16385,V8818,U139883,P013,2020-10-30,2020-11-02,2020-11-05,2020-11-19,170
VI18453,V8835,U112947,P016,2021-02-03,,,,180
VI17057,V8842,U104236,P013,2023-05-21,2023-05-23,,,170
VI17572,V8842,U143814,P012,2023-05-21,2023-05-23,,,150
VI17308,V8854,U86239,P013,2023-01-03,,,,170
VI16720,V8862,U118593,P015,2023-06-16,,,,70
VI19771,V8865,U128335,P015,2023-04-21,2023-04-23,,,70
VI19198,V8866,U119847,P015,2023-05-26,,,,70
VI19231,V8868,U113050,P012,2022-02-18,,,,150
VI19983,V8886,U136258,P016,2022-03-22,2022-03-24,,,180
VI17225,V8889,U92512,P013,2021-12-25,,,,170
VI19645,V8905,U122292,P013,2022-05-11,2022-05-12,2022-05-18,2022-05-27,153
VI15660,V8908,U106275,P015,2022-07-23,2022-07-24,2022-08-01,2022-08-29,70
VI11608,V8918,U130296,P014,2019-12-24,2019-12-27,,,60
VI14955,V8922,U136227,P015,2023-03-16,,,,70
VI15288,V8927,U86373,P013,2022-01-04,,,,170
VI19054,V8937,U123993,P016,2021-03-04,2021-03-05,2021-03-10,2021-03-23,180
VI18684,V8938,U81505,P013,2022-12-01,2022-12-04,2022-12-14,,170
VI12602,V8940,U109417,P014,2021-09-21,,,,60
VI17269,V8940,U115167,P013,2021-09-21,,,,170
VI14106,V8944,U122654,P016,2021-06-19,,,,180
VI19342,V8945,U127430,P016,2023-06-08,2023-06-11,,,180
VI13730,V8955,U90580,P013,2022-09-05,,,,170
VI14680,V8961,U143235,P015,2023-01-27,,,,70
VI15957,V8961,U120226,P013,2023-01-27,,,,119
VI11682,V8970,U88841,P015,2023-06-13,2023-06-16,2023-06-24,2023-06-27,70
VI11674,V8972,U148010,P015,2021-07-28,,,,70
VI10905,V8974,U92154,P014,2022-08-17,,,,60
VI11136,V8986,U131328,P013,2023-06-27,2023-06-28,2023-07-04,,170
VI15340,V8988,U104963,P012,2023-03-04,,,,150
VI13828,V8990,U143548,P016,2023-02-03,2023-02-05,2023-02-08,2023-02-19,162
VI13866,V8990,U103989,P012,2023-02-03,2023-02-05,2023-02-08,2023-02-19,150
VI19507,V8991,U149809,P015,2023-05-22,,,,70
VI13100,V8999,U130413,P015,2023-06-14,2023-06-15,2023-06-18,2023-07-12,70
VI18242,V8999,U110006,P012,2023-06-14,2023-06-15,2023-06-18,2023-07-12,150
VI15540,V9000,U116797,P016,2023-04-24,2023-04-27,,,180
